Date,Close,High,Low,Open,Volume,swing_high,swing_low,label
2005-01-03,428.7000122070313,431.0,431.0,431.0,4,False,False,-1
2005-01-04,428.5,428.5,428.5,428.5,108,False,False,-1
2005-01-05,426.6000061035156,425.7000122070313,425.7000122070313,425.7000122070313,2,False,False,-1
2005-01-06,421.0,421.0,421.0,421.0,1,False,False,0
2005-01-07,418.8999938964844,423.7000122070313,418.7000122070313,423.7000122070313,1,False,False,1
2005-01-10,419.1000061035156,419.1000061035156,419.1000061035156,419.1000061035156,1,False,False,1
2005-01-11,421.8999938964844,421.8999938964844,421.8999938964844,421.8999938964844,1,False,False,-1
2005-01-12,426.1000061035156,423.7999877929687,423.7999877929687,423.7999877929687,1,False,False,-1
2005-01-13,424.5,424.7000122070313,424.7000122070313,424.7000122070313,1,False,False,-1
2005-01-14,422.7000122070313,423.2000122070313,422.0,422.0,20,False,False,-1
2005-01-18,423.2000122070313,423.2000122070313,423.2000122070313,423.2000122070313,20,False,False,-1
2005-01-19,423.0,426.5,426.5,426.5,20,False,False,-1
2005-01-20,422.3999938964844,421.7999877929687,421.7999877929687,421.7999877929687,20,False,True,-1
2005-01-21,426.7000122070313,425.8999938964844,425.8999938964844,425.8999938964844,20,False,False,-1
2005-01-24,426.8999938964844,426.8999938964844,426.8999938964844,426.8999938964844,20,False,False,-1
2005-01-25,422.0,422.0,422.0,422.0,20,False,False,-1
2005-01-26,426.8999938964844,426.8999938964844,426.8999938964844,426.8999938964844,20,False,False,-1
2005-01-27,426.2999877929687,426.2999877929687,426.2999877929687,426.2999877929687,66923,False,False,-1
2005-01-28,425.7999877929687,427.5,424.0,426.1000061035156,41282,True,False,-1
2005-01-31,421.7999877929687,426.5,419.2999877929687,426.0,6857,False,False,-1
2005-02-01,420.7999877929687,422.2999877929687,419.2000122070313,422.2000122070313,1461,False,False,-1
2005-02-02,421.1000061035156,422.2999877929687,419.7999877929687,420.8999938964844,426,False,False,-1
2005-02-03,416.6000061035156,421.2999877929687,414.7000122070313,421.2999877929687,574,False,False,1
2005-02-04,414.0,417.7999877929687,413.7000122070313,416.3999938964844,320,False,False,1
2005-02-07,413.6000061035156,416.0,412.5,414.1000061035156,534,False,False,1
2005-02-08,412.6000061035156,413.6000061035156,410.1000061035156,413.6000061035156,1432,False,True,1
2005-02-09,412.8999938964844,413.7999877929687,410.2999877929687,412.2000122070313,1300,False,False,1
2005-02-10,417.2000122070313,418.5,412.5,412.0,397,False,False,1
2005-02-11,420.5,422.0,417.6000061035156,416.7999877929687,801,False,False,1
2005-02-14,425.7999877929687,425.6000061035156,422.2999877929687,420.0,55,False,False,1
2005-02-15,425.8999938964844,426.2000122070313,424.0,425.8999938964844,113,False,False,1
2005-02-16,425.5,425.0,422.7999877929687,426.0,146,False,False,1
2005-02-17,427.2999877929687,428.0,425.2999877929687,425.5,712,False,False,1
2005-02-18,427.1000061035156,427.1000061035156,426.7000122070313,426.7000122070313,14,False,False,1
2005-02-22,434.5,435.0,426.5,426.5,53,False,False,1
2005-02-23,434.8999938964844,435.5,433.2000122070313,434.0,107,False,False,1
2005-02-24,434.5,436.0,432.5,436.0,6,True,False,1
2005-02-25,434.8999938964844,436.0,436.0,434.5,1,True,False,1
2005-02-28,436.5,435.5,435.5,435.5,16,False,False,1
2005-03-01,432.8999938964844,433.0,433.0,435.0,1,False,False,1
2005-03-02,432.7999877929687,433.3999938964844,433.3999938964844,433.3999938964844,1,False,False,1
2005-03-03,429.8999938964844,429.8999938964844,429.8999938964844,429.8999938964844,1,False,True,1
2005-03-04,434.2000122070313,434.2000122070313,434.2000122070313,434.2000122070313,0,False,False,1
2005-03-07,435.0,435.0,435.0,435.0,0,False,False,1
2005-03-08,440.2999877929687,440.2999877929687,440.2999877929687,440.2999877929687,0,False,False,-1
2005-03-09,442.1000061035156,442.1000061035156,442.1000061035156,442.1000061035156,0,False,False,-1
2005-03-10,442.7999877929687,442.7999877929687,442.7999877929687,442.7999877929687,1,False,False,-1
2005-03-11,446.2000122070313,446.3999938964844,446.3999938964844,446.3999938964844,0,True,False,-1
2005-03-14,441.1000061035156,441.1000061035156,441.1000061035156,441.1000061035156,0,False,False,-1
2005-03-15,440.8999938964844,440.8999938964844,440.8999938964844,440.8999938964844,0,False,False,-1
2005-03-16,443.7000122070313,443.7000122070313,443.7000122070313,443.7000122070313,0,False,False,-1
2005-03-17,438.7000122070313,438.7000122070313,438.7000122070313,438.7000122070313,0,False,False,-1
2005-03-18,439.2999877929687,439.2999877929687,439.2999877929687,439.2999877929687,0,False,False,-1
2005-03-21,431.1000061035156,431.1000061035156,431.1000061035156,431.1000061035156,100,False,False,0
2005-03-22,431.2999877929687,431.2999877929687,431.2999877929687,431.2999877929687,16,False,False,0
2005-03-23,425.2000122070313,425.2000122070313,425.2000122070313,425.2000122070313,0,False,False,1
2005-03-24,424.7000122070313,424.7000122070313,424.7000122070313,424.7000122070313,0,False,False,1
2005-03-28,425.8999938964844,425.8999938964844,425.8999938964844,425.8999938964844,0,False,False,1
2005-03-29,426.0,426.0,426.0,426.0,0,False,False,1
2005-03-31,428.7000122070313,428.7000122070313,428.7000122070313,428.7000122070313,3051,False,False,1
2005-04-01,425.8999938964844,428.5,424.5,428.2999877929687,552,False,False,1
2005-04-04,423.8999938964844,426.2999877929687,422.7000122070313,426.0,486,False,True,1
2005-04-05,424.5,425.5,423.6000061035156,423.7999877929687,313,False,False,1
2005-04-06,427.1000061035156,427.7000122070313,424.1000061035156,424.8999938964844,62,False,False,1
2005-04-07,426.5,428.5,426.5,426.5,181,False,False,1
2005-04-08,426.8999938964844,427.2999877929687,424.7999877929687,425.2000122070313,49,False,False,1
2005-04-11,428.6000061035156,429.7999877929687,426.0,426.0,26,False,False,1
2005-04-12,427.6000061035156,430.2000122070313,426.5,428.1000061035156,148,False,False,1
2005-04-13,429.2999877929687,430.0,427.5,428.0,27,False,False,1
2005-04-14,424.0,429.5,423.5,429.5,116,False,False,1
2005-04-15,424.8999938964844,425.6000061035156,423.2000122070313,423.2000122070313,73,False,True,1
2005-04-18,427.5,427.5,423.6000061035156,423.6000061035156,29,False,False,1
2005-04-19,432.8999938964844,433.0,426.7999877929687,426.7999877929687,128,False,False,-1
2005-04-20,435.2999877929687,435.7999877929687,432.3999938964844,433.6000061035156,42,False,False,-1
2005-04-21,433.0,435.0,432.2999877929687,434.1000061035156,52,False,False,-1
2005-04-22,434.2999877929687,435.7999877929687,433.5,433.5,88,False,False,-1
2005-04-25,434.6000061035156,434.3999938964844,432.7000122070313,432.7000122070313,19,False,False,-1
2005-04-26,437.8999938964844,438.2000122070313,435.8999938964844,438.0,169,True,False,-1
2005-04-27,433.0,437.0,433.6000061035156,436.3999938964844,19,False,False,-1
2005-04-29,435.0,435.0,435.0,435.0,0,False,False,-1
2005-05-02,429.5,429.5,429.5,429.5,0,False,False,-1
2005-05-03,426.7000122070313,426.7000122070313,426.7000122070313,426.7000122070313,0,False,False,-1
2005-05-04,429.0,429.0,429.0,429.0,17,False,False,-1
2005-05-05,429.7999877929687,429.7999877929687,429.7999877929687,429.7999877929687,0,False,False,-1
2005-05-06,426.1000061035156,429.7999877929687,429.7999877929687,429.7999877929687,0,False,False,-1
2005-05-09,426.2000122070313,426.2000122070313,426.2000122070313,426.2000122070313,0,False,False,-1
2005-05-10,427.2000122070313,426.2000122070313,426.2000122070313,426.2000122070313,0,False,False,-1
2005-05-11,427.2000122070313,427.2000122070313,427.2000122070313,427.2000122070313,0,False,False,-1
2005-05-12,421.6000061035156,421.6000061035156,421.6000061035156,421.6000061035156,0,False,False,0
2005-05-13,420.2000122070313,420.2000122070313,420.2000122070313,420.2000122070313,0,False,False,1
2005-05-16,418.8999938964844,418.8999938964844,418.8999938964844,418.8999938964844,0,False,False,1
2005-05-17,419.3999938964844,419.3999938964844,419.3999938964844,419.3999938964844,0,False,False,1
2005-05-18,421.5,421.5,421.5,421.5,0,False,False,1
2005-05-19,420.5,421.2000122070313,421.2000122070313,421.2000122070313,0,False,False,1
2005-05-20,417.3999938964844,416.5,416.5,420.2000122070313,4,False,True,1
2005-05-23,416.6000061035156,416.6000061035156,416.6000061035156,416.6000061035156,4,False,False,1
2005-05-24,417.5,417.5,417.5,417.5,4,False,False,1
2005-05-25,418.7999877929687,418.7999877929687,418.7999877929687,418.7999877929687,4,False,False,1
2005-05-26,418.0,418.1000061035156,418.1000061035156,418.7999877929687,72619,False,False,1
2005-05-27,419.7999877929687,420.0,417.3999938964844,417.7999877929687,51363,False,False,1
2005-05-31,416.2999877929687,420.2000122070313,413.2000122070313,418.0,7494,False,True,1
2005-06-01,415.2999877929687,417.2999877929687,414.0,416.3999938964844,2816,False,False,1
2005-06-02,422.7000122070313,423.5,415.7999877929687,415.7999877929687,1984,False,False,1
2005-06-03,423.7000122070313,425.5,421.7000122070313,422.2000122070313,416,False,False,1
2005-06-06,426.5,427.7999877929687,422.6000061035156,423.6000061035156,558,False,False,1
2005-06-07,424.7999877929687,426.7000122070313,424.0,426.7000122070313,232,False,False,1
2005-06-08,424.7000122070313,425.8999938964844,424.5,425.6000061035156,171,False,False,1
2005-06-09,424.2000122070313,424.0,422.0,423.7000122070313,101,False,False,1
2005-06-10,427.3999938964844,428.5,422.0,423.7999877929687,65,False,False,1
2005-06-13,429.2999877929687,431.5,428.2999877929687,428.2999877929687,66,False,False,1
2005-06-14,427.5,428.2000122070313,426.5,428.2000122070313,73,False,False,1
2005-06-15,429.1000061035156,428.2999877929687,427.5,427.5,20,False,False,1
2005-06-16,436.2000122070313,436.7999877929687,429.5,429.5,157,False,False,-1
2005-06-17,438.2999877929687,439.2999877929687,436.1000061035156,436.1000061035156,29,False,False,-1
2005-06-20,438.3999938964844,440.3999938964844,438.0,440.0,18,False,False,-1
2005-06-21,438.8999938964844,439.0,439.0,438.3999938964844,5,False,False,-1
2005-06-22,438.1000061035156,438.5,437.5,438.7999877929687,169,False,False,-1
2005-06-23,441.7000122070313,442.5,438.2999877929687,438.2999877929687,29,True,False,-1
2005-06-24,440.5,441.5,438.5,441.5,31,False,False,-1
2005-06-27,440.2999877929687,440.7000122070313,439.5,440.7000122070313,10,False,False,-1
2005-06-28,436.3999938964844,437.5,436.0,436.0,0,False,False,-1
2005-06-30,435.8999938964844,435.8999938964844,435.8999938964844,435.8999938964844,0,False,False,-1
2005-07-01,427.7999877929687,427.7999877929687,427.7999877929687,427.7999877929687,0,False,False,0
2005-07-05,422.8999938964844,422.8999938964844,422.8999938964844,422.8999938964844,0,False,True,1
2005-07-06,423.5,423.7999877929687,423.5,423.5,16,False,False,1
2005-07-07,423.2999877929687,423.5,423.5,423.5,125,False,False,1
2005-07-08,422.8999938964844,422.8999938964844,422.8999938964844,422.8999938964844,0,False,False,1
2005-07-11,425.5,425.5,425.5,425.5,0,False,False,1
2005-07-12,426.2999877929687,426.2999877929687,426.2999877929687,426.2999877929687,0,True,False,1
2005-07-13,423.8999938964844,423.8999938964844,423.8999938964844,423.8999938964844,70,False,False,1
2005-07-14,419.6000061035156,419.6000061035156,419.6000061035156,419.6000061035156,70,False,True,1
2005-07-15,420.7000122070313,420.7000122070313,420.7000122070313,420.7000122070313,0,False,False,1
2005-07-18,420.5,420.3999938964844,420.3999938964844,420.3999938964844,0,False,False,1
2005-07-19,419.7000122070313,420.0,420.0,420.0,0,False,False,1
2005-07-20,421.7000122070313,419.7000122070313,419.7000122070313,419.7000122070313,0,False,False,1
2005-07-21,425.3999938964844,425.3999938964844,425.3999938964844,425.3999938964844,0,False,False,1
2005-07-22,424.7000122070313,425.3999938964844,425.3999938964844,425.3999938964844,0,False,False,1
2005-07-25,425.7000122070313,425.7000122070313,425.7000122070313,425.7000122070313,2,False,False,1
2005-07-26,423.3999938964844,423.3999938964844,423.3999938964844,423.3999938964844,2,False,False,1
2005-07-27,424.7000122070313,424.7000122070313,424.7000122070313,424.7000122070313,2,False,False,1
2005-07-28,427.2999877929687,424.7000122070313,424.7000122070313,424.7000122070313,40680,False,False,1
2005-07-29,429.8999938964844,430.5,427.0,427.7000122070313,3607,False,False,1
2005-08-01,431.8999938964844,432.2999877929687,429.1000061035156,430.0,776,False,False,1
2005-08-02,431.8999938964844,433.0,430.7000122070313,431.7000122070313,206,False,False,1
2005-08-03,436.8999938964844,437.5,430.7000122070313,431.5,270,False,False,1
2005-08-04,437.8999938964844,439.0,436.1000061035156,436.5,91,False,False,1
2005-08-05,437.2000122070313,438.5,437.0,437.7000122070313,91,False,False,1
2005-08-08,434.7000122070313,437.0,434.0,437.0,51,False,False,1
2005-08-09,434.2000122070313,434.3999938964844,432.5,432.5,52,False,False,1
2005-08-10,436.5,437.0,434.8999938964844,434.8999938964844,187,False,False,1
2005-08-11,445.5,446.5,437.2000122070313,437.2000122070313,306,False,False,-1
2005-08-12,445.8999938964844,449.5,444.5,445.7999877929687,169,True,False,-1
2005-08-15,442.2000122070313,442.5,441.3999938964844,441.3999938964844,61,False,False,-1
2005-08-16,446.1000061035156,442.5,441.7000122070313,441.7000122070313,234,False,False,-1
2005-08-17,439.8999938964844,443.2999877929687,439.5,442.5,276,False,False,1
2005-08-18,439.5,440.3999938964844,438.5,440.3999938964844,46,False,False,1
2005-08-19,437.2000122070313,439.6000061035156,438.0,439.1000061035156,73,False,False,1
2005-08-22,438.1000061035156,439.0,437.0,437.0,12,False,True,1
2005-08-23,439.3999938964844,438.7999877929687,438.5,438.7999877929687,2,False,False,1
2005-08-24,437.2999877929687,439.7000122070313,437.0,439.7000122070313,29,False,False,1
2005-08-25,438.3999938964844,438.5,438.0,438.5,54,False,False,1
2005-08-26,437.3999938964844,439.0,438.3999938964844,438.3999938964844,52,False,False,1
2005-08-29,437.0,439.5,437.2999877929687,438.5,37,False,False,1
2005-08-30,431.2000122070313,439.5,437.2999877929687,438.5,0,False,False,1
2005-08-31,433.7999877929687,431.2000122070313,431.2000122070313,431.2000122070313,10,False,True,1
2005-09-01,442.2999877929687,442.5,438.5,438.5,4,False,False,1
2005-09-02,444.2000122070313,444.2000122070313,444.2000122070313,444.2000122070313,4,False,False,1
2005-09-06,444.3999938964844,444.3999938964844,444.3999938964844,444.3999938964844,4,False,False,1
2005-09-07,444.8999938964844,444.7000122070313,444.7000122070313,444.7000122070313,1006,False,False,1
2005-09-08,446.7000122070313,446.7000122070313,446.7000122070313,446.7000122070313,6,False,False,1
2005-09-09,449.0,449.0,449.0,449.0,6,False,False,1
2005-09-12,449.7000122070313,449.7000122070313,449.7000122070313,449.7000122070313,6,False,False,1
2005-09-13,446.1000061035156,446.1000061035156,446.1000061035156,446.1000061035156,6,False,False,1
2005-09-14,449.7999877929687,449.7999877929687,449.7999877929687,449.7999877929687,6,False,False,1
2005-09-15,455.5,455.5,455.5,455.5,6,False,False,1
2005-09-16,459.5,459.5,459.5,459.5,6,False,False,1
2005-09-19,466.7000122070313,466.7000122070313,466.7000122070313,466.7000122070313,6,False,False,1
2005-09-20,466.2000122070313,466.2000122070313,466.2000122070313,466.2000122070313,2,False,False,1
2005-09-21,468.8999938964844,468.8999938964844,468.8999938964844,468.8999938964844,2,False,False,1
2005-09-22,466.6000061035156,467.5,467.5,467.5,2,False,False,1
2005-09-23,463.5,466.7999877929687,466.7999877929687,467.2000122070313,2,False,False,1
2005-09-26,465.8999938964844,463.8999938964844,463.8999938964844,463.8999938964844,2,False,False,1
2005-09-27,462.6000061035156,462.6000061035156,462.6000061035156,462.6000061035156,2,False,True,1
2005-09-28,469.7000122070313,469.7000122070313,469.7000122070313,469.7000122070313,2,False,False,0
2005-09-29,472.2000122070313,469.7000122070313,469.7000122070313,469.7000122070313,7799,False,False,-1
2005-09-30,469.0,474.0,468.5,472.7000122070313,2926,False,False,1
2005-10-03,466.1000061035156,468.0,464.2000122070313,467.7999877929687,493,False,False,1
2005-10-04,466.1000061035156,468.7999877929687,465.2999877929687,466.7999877929687,210,False,False,1
2005-10-05,466.1000061035156,465.0,463.5,465.0,226,False,True,1
2005-10-06,471.8999938964844,471.6000061035156,465.6000061035156,465.6000061035156,243,False,False,-1
2005-10-07,474.7000122070313,475.5,470.0,473.0,96,False,False,-1
2005-10-10,475.1000061035156,477.2999877929687,473.6000061035156,474.7999877929687,248,False,False,-1
2005-10-11,477.1000061035156,477.5,475.2000122070313,475.2000122070313,99,False,False,-1
2005-10-12,473.8999938964844,478.5,473.2999877929687,478.5,49,True,False,-1
2005-10-13,471.1000061035156,472.0,468.2999877929687,472.0,48,False,False,-1
2005-10-14,469.2000122070313,469.2999877929687,467.0,469.2999877929687,113,False,False,-1
2005-10-17,474.1000061035156,475.0,473.0,473.0,18,False,False,-1
2005-10-18,472.1000061035156,472.5,472.0,472.0,13,False,False,-1
2005-10-19,463.5,471.0,465.0,471.0,46,False,False,1
2005-10-20,461.0,465.0,460.5,465.0,9,False,True,1
2005-10-21,467.0,462.0,462.0,462.0,9,False,False,-1
2005-10-24,465.0,465.5,465.5,465.5,2,False,False,1
2005-10-25,472.7999877929687,474.0,465.0,465.0,18,False,False,-1
2005-10-26,471.2000122070313,473.5,471.5,472.5,159,False,False,-1
2005-10-27,473.7999877929687,475.5,471.0,471.0,2,True,False,-1
2005-10-28,473.0,473.5,471.6000061035156,473.5,4,False,False,-1
2005-10-31,465.1000061035156,471.1000061035156,471.1000061035156,471.1000061035156,1,False,False,-1
2005-11-01,458.7999877929687,463.0,460.0,463.0,5,False,False,1
2005-11-02,462.7999877929687,462.7999877929687,462.7999877929687,462.7999877929687,2,False,False,1
2005-11-03,460.1000061035156,460.1000061035156,460.1000061035156,460.1000061035156,2,False,False,1
2005-11-04,456.2999877929687,455.2999877929687,455.2999877929687,455.2999877929687,2,False,True,1
2005-11-07,459.0,459.0,459.0,459.0,0,False,False,1
2005-11-08,460.8999938964844,458.5,458.5,458.5,10,False,False,1
2005-11-09,466.2999877929687,466.2999877929687,466.2999877929687,466.2999877929687,100,False,False,1
2005-11-10,466.6000061035156,466.6000061035156,466.6000061035156,466.6000061035156,100,False,False,1
2005-11-11,468.2999877929687,468.2999877929687,468.2999877929687,468.2999877929687,0,False,False,1
2005-11-14,468.2000122070313,468.2999877929687,468.2999877929687,468.2999877929687,0,False,False,1
2005-11-15,468.1000061035156,468.1000061035156,468.1000061035156,468.1000061035156,50,False,False,1
2005-11-16,478.2999877929687,478.2999877929687,478.2999877929687,478.2999877929687,0,False,False,1
2005-11-17,486.2000122070313,486.0,486.0,476.0,38,False,False,1
2005-11-18,485.6000061035156,485.6000061035156,485.6000061035156,485.6000061035156,38,False,False,1
2005-11-21,489.0,485.6000061035156,485.6000061035156,485.6000061035156,38,False,False,1
2005-11-22,492.6000061035156,489.0,489.0,489.0,0,False,False,1
2005-11-23,492.1000061035156,492.6000061035156,492.6000061035156,492.6000061035156,0,False,False,1
2005-11-28,498.2999877929687,502.2000122070313,502.2000122070313,502.2000122070313,109050,False,False,1
2005-11-29,499.1000061035156,502.2999877929687,494.2999877929687,498.7000122070313,42519,False,False,1
2005-11-30,494.6000061035156,500.0,492.2999877929687,500.0,5688,False,False,1
2005-12-01,502.5,503.0,490.5,494.2000122070313,2665,False,False,1
2005-12-02,503.2999877929687,507.0,500.0,503.0,1610,False,False,1
2005-12-05,508.8999938964844,509.7000122070313,503.5,504.5,431,False,False,1
2005-12-06,510.2000122070313,511.2000122070313,504.5,509.2000122070313,720,False,False,1
2005-12-07,514.2999877929688,517.0,509.2999877929687,510.7000122070313,985,False,False,1
2005-12-08,519.2999877929688,520.0,512.0,514.5999755859375,337,False,False,1
2005-12-09,527.0,531.0,520.0,520.4000244140625,472,False,False,1
2005-12-12,528.4000244140625,538.5,526.5,526.5,995,True,False,-1
2005-12-13,521.0,530.7000122070312,520.0,528.4000244140625,583,False,False,-1
2005-12-14,506.5,521.0,506.0,521.0,712,False,False,-1
2005-12-15,503.8999938964844,509.0,501.0,506.0,378,False,False,-1
2005-12-16,503.3999938964844,508.0,495.2000122070313,503.8999938964844,276,False,False,-1
2005-12-19,503.6000061035156,509.5,504.5,509.5,150,False,False,-1
2005-12-20,494.6000061035156,506.8999938964844,496.0,506.8999938964844,120,False,False,1
2005-12-21,493.0,495.5,490.1000061035156,495.5,56,False,True,1
2005-12-22,502.7000122070313,503.0,494.0,494.0,1632,False,False,1
2005-12-23,503.0,505.7000122070313,502.2999877929687,502.2999877929687,37,False,False,1
2005-12-27,508.0,509.0,506.0,508.7000122070313,57,False,False,1
2005-12-28,514.2000122070312,517.2999877929688,516.9000244140625,506.8999938964844,20,False,False,1
2005-12-29,515.7000122070312,515.7000122070312,515.7000122070312,515.7000122070312,2,False,False,1
2005-12-30,517.0999755859375,515.7000122070312,515.7000122070312,515.7000122070312,2,False,False,1
2006-01-03,530.7000122070312,528.5,518.5999755859375,518.5999755859375,7,False,False,1
2006-01-04,533.9000244140625,533.5999755859375,533.5,533.5999755859375,8,False,False,1
2006-01-05,526.2999877929688,529.0,526.0,529.0,10,False,False,1
2006-01-06,539.7000122070312,539.7000122070312,539.7000122070312,539.7000122070312,10,False,False,1
2006-01-09,549.0999755859375,539.7000122070312,539.7000122070312,539.7000122070312,10,False,False,1
2006-01-10,544.2999877929688,544.2999877929688,544.2999877929688,544.2999877929688,2,False,False,1
2006-01-11,548.7999877929688,548.7999877929688,548.7999877929688,548.7999877929688,0,False,False,1
2006-01-12,548.2999877929688,548.2999877929688,548.2999877929688,548.2999877929688,0,False,False,1
2006-01-13,556.0999755859375,547.0999755859375,547.0999755859375,547.0999755859375,0,False,False,-1
2006-01-17,553.4000244140625,553.4000244140625,553.4000244140625,553.4000244140625,0,False,False,1
2006-01-18,543.7000122070312,543.7000122070312,543.7000122070312,543.7000122070312,0,False,True,1
2006-01-19,558.4000244140625,552.0,551.0,543.7000122070312,22,False,False,1
2006-01-20,553.5,558.4000244140625,558.4000244140625,558.4000244140625,22,False,False,1
2006-01-23,558.2999877929688,555.0,555.0,555.0,1,False,False,1
2006-01-24,557.7000122070312,555.0,555.0,555.0,2,False,False,1
2006-01-25,562.2000122070312,562.2000122070312,562.2000122070312,562.2000122070312,2,False,False,1
2006-01-26,559.7000122070312,559.7000122070312,559.7000122070312,559.7000122070312,2,False,False,1
2006-01-27,558.7000122070312,558.7000122070312,558.7000122070312,558.7000122070312,79958,False,False,1
2006-01-30,565.7999877929688,566.0,557.5999755859375,559.2000122070312,35179,False,False,-1
2006-01-31,570.7999877929688,572.7000122070312,565.0,566.5,6749,False,False,-1
2006-02-01,569.4000244140625,571.5999755859375,563.0,570.7999877929688,3768,False,False,-1
2006-02-02,572.5,575.2999877929688,568.0,569.7999877929688,887,True,False,-1
2006-02-03,567.4000244140625,574.2000122070312,565.0,571.5,686,False,False,-1
2006-02-06,570.2000122070312,574.0,567.5,568.4000244140625,649,False,False,-1
2006-02-07,551.0,571.0,550.5999755859375,569.5,1276,False,False,1
2006-02-08,550.0999755859375,553.2999877929688,545.5,551.0,762,False,False,1
2006-02-09,564.5,566.0,549.9000244140625,549.9000244140625,227,False,False,-1
2006-02-10,550.2000122070312,561.9000244140625,548.0,561.9000244140625,222,False,False,-1
2006-02-13,539.0,549.5,540.0,548.5,645,False,False,1
2006-02-14,545.9000244140625,546.0,535.5,538.0,142,False,True,1
2006-02-15,539.7000122070312,545.0,538.0,544.9000244140625,150,False,False,1
2006-02-16,546.0,546.0,537.2000122070312,539.0,96,False,False,1
2006-02-17,551.7999877929688,552.5,546.0,548.0,55,False,False,1
2006-02-21,553.9000244140625,556.5,550.5,550.5,86,False,False,1
2006-02-22,553.9000244140625,554.7999877929688,551.0,552.5999755859375,253,False,False,1
2006-02-23,548.4000244140625,555.5,548.5,554.5,174,False,False,1
2006-02-24,558.7999877929688,560.0,547.5,547.5,14,False,False,-1
2006-02-27,554.7000122070312,556.0999755859375,552.5,556.0999755859375,24,False,False,1
2006-02-28,561.5999755859375,558.0,553.0999755859375,553.0999755859375,49,False,False,-1
2006-03-01,563.5,564.5,562.5,562.5,1,False,False,-1
2006-03-02,568.2000122070312,568.2000122070312,568.2000122070312,568.2000122070312,1,False,False,-1
2006-03-03,566.0,569.7999877929688,568.7000122070312,569.7999877929688,2,True,False,-1
2006-03-06,554.9000244140625,554.7999877929688,554.7999877929688,554.7999877929688,2,False,False,-1
2006-03-07,552.7000122070312,554.5,554.0,554.5,3,False,False,-1
2006-03-08,542.5,540.0,540.0,540.0,3,False,False,1
2006-03-09,545.5,545.2000122070312,544.2999877929688,545.0,25,False,False,1
2006-03-10,539.9000244140625,539.9000244140625,539.9000244140625,539.9000244140625,3,False,True,1
2006-03-13,546.0999755859375,542.5,541.0,541.0,4,False,False,1
2006-03-14,551.7000122070312,551.7000122070312,551.7000122070312,551.7000122070312,4,False,False,1
2006-03-15,553.0999755859375,553.0999755859375,553.0999755859375,553.0999755859375,4,False,False,1
2006-03-16,554.4000244140625,554.4000244140625,554.4000244140625,554.4000244140625,4,False,False,1
2006-03-17,554.0999755859375,554.0999755859375,554.0999755859375,554.0999755859375,4,False,False,1
2006-03-20,555.2000122070312,555.2000122070312,555.2000122070312,555.2000122070312,4,False,False,1
2006-03-21,552.4000244140625,552.4000244140625,552.4000244140625,552.4000244140625,4,False,False,1
2006-03-22,550.9000244140625,550.9000244140625,550.9000244140625,550.9000244140625,300,False,False,1
2006-03-23,550.0999755859375,550.0999755859375,550.0999755859375,550.0999755859375,547,False,True,1
2006-03-24,560.0,560.0,560.0,560.0,547,False,False,1
2006-03-27,567.0,567.0,567.0,567.0,547,False,False,1
2006-03-28,566.5999755859375,566.5999755859375,566.5999755859375,566.5999755859375,547,False,False,1
2006-03-29,573.0,573.0,573.0,573.0,64190,False,False,1
2006-03-30,586.7000122070312,587.4000244140625,571.2999877929688,572.5999755859375,25210,False,False,1
2006-03-31,581.7999877929688,589.5999755859375,579.0,586.0,2845,False,False,1
2006-04-03,589.4000244140625,592.0,582.0,582.0,729,False,False,1
2006-04-04,586.0,590.5,585.5,588.0,1293,False,False,1
2006-04-05,587.9000244140625,590.7999877929688,582.5999755859375,587.0,736,False,False,1
2006-04-06,595.2000122070312,595.5999755859375,588.0,588.0,855,False,False,1
2006-04-07,588.4000244140625,598.2999877929688,585.5,595.5,450,False,False,1
2006-04-10,597.5999755859375,599.0,589.0,589.0,316,False,False,1
2006-04-11,595.2000122070312,604.0,595.0,602.0,697,False,False,1
2006-04-12,597.5,600.0,597.2999877929688,597.2999877929688,38,False,False,1
2006-04-13,596.5,597.5,592.0,596.5,107,False,False,1
2006-04-17,615.4000244140625,616.5,605.0,605.0,1125,False,False,1
2006-04-18,620.0,620.5,614.5999755859375,614.5999755859375,502,False,False,1
2006-04-19,632.5999755859375,632.0,620.5,620.5,99,False,False,-1
2006-04-20,619.7999877929688,642.0,611.0,640.0,537,True,False,1
2006-04-21,632.2000122070312,637.0,611.2000122070312,615.0,222,False,False,1
2006-04-24,620.5999755859375,634.0,620.0,634.0,288,False,False,1
2006-04-25,631.0,632.0,620.5999755859375,620.5999755859375,112,False,False,1
2006-04-26,638.7999877929688,639.5,635.0,635.0,3,False,False,1
2006-04-27,633.2999877929688,636.5,636.5,636.5,6,False,False,1
2006-04-28,651.7999877929688,651.7999877929688,651.7999877929688,651.7999877929688,6,False,False,1
2006-05-01,657.5,658.0,658.0,658.0,9,False,False,1
2006-05-02,664.7000122070312,666.0,666.0,666.0,2,False,False,1
2006-05-03,665.9000244140625,669.2000122070312,669.2000122070312,669.2000122070312,1,False,False,1
2006-05-04,674.2000122070312,674.2000122070312,674.2000122070312,674.2000122070312,1,False,False,1
2006-05-05,682.2000122070312,682.2000122070312,682.2000122070312,682.2000122070312,1,False,False,1
2006-05-08,677.7999877929688,679.0,679.0,679.0,2,False,False,1
2006-05-09,699.4000244140625,679.0,679.0,679.0,8,False,False,1
2006-05-10,703.7000122070312,695.5,695.5,695.5,4,False,False,1
2006-05-11,719.7999877929688,723.0,723.0,723.0,10,True,False,-1
2006-05-12,710.2999877929688,714.0,706.0,714.0,32,False,False,-1
2006-05-15,683.5999755859375,710.2999877929688,710.2999877929688,710.2999877929688,32,False,False,1
2006-05-16,691.5,710.2999877929688,710.2999877929688,710.2999877929688,0,False,False,-1
2006-05-17,690.5,690.5,690.5,690.5,0,False,False,-1
2006-05-18,679.5999755859375,679.5999755859375,679.5999755859375,679.5999755859375,0,False,False,-1
2006-05-19,656.7000122070312,679.5999755859375,679.5999755859375,679.5999755859375,0,False,False,1
2006-05-22,657.0,656.5,656.5,656.5,0,False,False,1
2006-05-23,673.0,673.0,673.0,673.0,0,False,False,-1
2006-05-24,637.0,637.0,637.0,637.0,0,False,False,1
2006-05-25,648.4000244140625,648.2999877929688,648.2999877929688,648.2999877929688,0,False,False,1
2006-05-26,650.9000244140625,648.4000244140625,648.4000244140625,648.4000244140625,80564,False,False,1
2006-05-30,653.9000244140625,664.5,648.2000122070312,650.7000122070312,51461,False,False,-1
2006-05-31,642.5,658.5,638.0,651.0,5034,False,False,-1
2006-06-01,627.5999755859375,645.0999755859375,620.0,642.7999877929688,1682,False,False,1
2006-06-02,635.5,637.5,622.5999755859375,628.0,1151,False,False,-1
2006-06-05,643.2000122070312,645.0,635.5,635.5,613,False,False,-1
2006-06-06,629.4000244140625,643.4000244140625,625.0,643.4000244140625,361,False,False,-1
2006-06-07,627.4000244140625,629.7999877929688,617.5,629.2000122070312,793,False,False,-1
2006-06-08,609.0999755859375,627.5999755859375,608.5,627.5999755859375,532,False,False,-1
2006-06-09,608.2000122070312,615.7999877929688,606.9000244140625,610.0,73,False,False,-1
2006-06-12,606.7999877929688,610.0,606.0,606.0,19,False,False,-1
2006-06-13,562.5,605.5999755859375,568.0,571.2000122070312,207,False,False,1
2006-06-14,562.2999877929688,571.0,555.0,555.0,243,False,True,1
2006-06-15,566.5,577.0,557.2999877929688,557.2999877929688,135,False,False,1
2006-06-16,578.0,574.7000122070312,572.0,566.5,4,False,False,1
2006-06-19,568.7999877929688,568.7999877929688,568.7999877929688,568.7999877929688,6,False,False,1
2006-06-20,576.9000244140625,571.0,568.0,571.0,4,False,False,1
2006-06-21,587.5,585.0,572.0,572.0,60,False,False,-1
2006-06-22,582.2000122070312,588.0,587.0,588.0,14,False,False,1
2006-06-23,584.7999877929688,584.0,574.0,583.9000244140625,19,False,False,1
2006-06-26,584.7999877929688,584.0,580.0,583.0,119,False,False,1
2006-06-27,581.5999755859375,589.0,589.0,589.0,39,False,False,1
2006-06-28,578.2999877929688,586.0,580.0,585.5,1,False,False,1
2006-06-29,586.5,586.5,586.5,586.5,104,False,False,1
2006-06-30,613.5,614.5,609.0,560.9000244140625,18,False,False,1
2006-07-05,627.2999877929688,631.0,631.0,631.0,94,False,False,1
2006-07-06,634.0999755859375,624.0,624.0,624.0,6,False,False,1
2006-07-07,632.7999877929688,634.2999877929688,634.2999877929688,634.2999877929688,6,False,False,1
2006-07-10,624.0999755859375,632.7999877929688,632.7999877929688,632.7999877929688,6,False,False,1
2006-07-11,641.2000122070312,632.7999877929688,632.7999877929688,632.7999877929688,6,False,False,1
2006-07-12,649.4000244140625,632.7999877929688,632.7999877929688,632.7999877929688,6,False,False,1
2006-07-13,652.9000244140625,652.9000244140625,652.9000244140625,652.9000244140625,6,False,False,1
2006-07-14,666.5999755859375,666.5999755859375,666.5999755859375,666.5999755859375,6,False,False,-1
2006-07-17,650.5999755859375,677.0,675.0999755859375,675.0999755859375,40,True,False,-1
2006-07-18,628.2999877929688,628.2999877929688,628.2999877929688,628.2999877929688,40,False,False,1
2006-07-19,641.5999755859375,641.5999755859375,641.5999755859375,641.5999755859375,40,False,False,-1
2006-07-20,631.7000122070312,641.5999755859375,641.5999755859375,641.5999755859375,40,False,False,-1
2006-07-21,619.5999755859375,631.7000122070312,631.7000122070312,631.7000122070312,600,False,False,1
2006-07-24,612.7000122070312,619.5999755859375,619.5999755859375,619.5999755859375,600,False,False,1
2006-07-25,617.5999755859375,612.7000122070312,612.7000122070312,612.7000122070312,600,False,True,1
2006-07-26,621.5999755859375,621.5999755859375,621.5999755859375,621.5999755859375,1,False,False,1
2006-07-27,632.4000244140625,632.4000244140625,632.4000244140625,632.4000244140625,66412,False,False,1
2006-07-28,634.7999877929688,636.5999755859375,625.0,632.5,27652,False,False,1
2006-07-31,634.2000122070312,646.5,627.0,634.5,3183,False,False,1
2006-08-01,646.2999877929688,646.5,629.5,635.4000244140625,1360,False,False,-1
2006-08-02,651.5999755859375,656.0,644.7000122070312,645.7999877929688,414,True,False,-1
2006-08-03,644.9000244140625,651.0,638.0,651.0,429,False,False,-1
2006-08-04,644.0,653.5,643.0,646.0,97,False,False,-1
2006-08-07,647.7999877929688,652.0,646.5,651.2000122070312,139,False,False,-1
2006-08-08,645.7000122070312,646.7999877929688,640.0,646.7999877929688,43,False,False,-1
2006-08-09,650.5,654.5,638.5,645.0,65,False,False,-1
2006-08-10,634.9000244140625,651.2999877929688,634.0,650.2000122070312,127,False,False,-1
2006-08-11,633.5,642.2999877929688,626.0,638.0,596,False,False,-1
2006-08-14,628.5,629.9000244140625,620.0,629.9000244140625,147,False,False,-1
2006-08-15,622.5,625.5,622.0,625.0,124,False,False,-1
2006-08-16,628.7000122070312,631.0,627.0,631.0,206,False,False,-1
2006-08-17,615.4000244140625,628.5,615.5,627.5,295,False,False,1
2006-08-18,612.0999755859375,617.0,609.0,614.2000122070312,102,False,True,1
2006-08-21,625.7000122070312,626.5,613.5999755859375,613.5999755859375,117,False,False,-1
2006-08-22,624.5999755859375,628.0,623.5,626.0,19,False,False,-1
2006-08-23,623.7000122070312,628.0,623.2000122070312,624.5999755859375,20,False,False,-1
2006-08-24,619.5,624.5,618.0,621.5999755859375,35,False,False,1
2006-08-25,622.0,623.5,621.7999877929688,622.5,173,False,False,1
2006-08-28,615.2999877929688,621.7000122070312,614.0,621.7000122070312,46,False,False,1
2006-08-29,610.7000122070312,616.7999877929688,610.5,616.7999877929688,2,False,True,1
2006-08-30,617.7000122070312,618.0,611.7999877929688,615.5999755859375,26,False,False,1
2006-08-31,625.9000244140625,625.9000244140625,625.9000244140625,625.9000244140625,26,False,False,1
2006-09-01,624.4000244140625,624.4000244140625,624.4000244140625,624.4000244140625,26,False,False,1
2006-09-04,624.4000244140625,624.4000244140625,624.4000244140625,624.4000244140625,26,False,False,1
2006-09-05,638.5,638.5,638.5,638.5,23,True,False,-1
2006-09-06,633.5,633.5,633.5,633.5,102,False,False,-1
2006-09-07,617.0,617.0,617.0,617.0,102,False,False,-1
2006-09-08,609.5999755859375,609.5999755859375,609.5999755859375,609.5999755859375,102,False,False,-1
2006-09-11,590.0,590.0,590.0,590.0,0,False,False,-1
2006-09-12,586.9000244140625,591.0,591.0,591.0,10,False,False,1
2006-09-13,589.0999755859375,589.0999755859375,589.0999755859375,589.0999755859375,10,False,False,-1
2006-09-14,579.2999877929688,579.2999877929688,579.2999877929688,579.2999877929688,0,False,False,1
2006-09-15,576.4000244140625,576.4000244140625,576.4000244140625,576.4000244140625,0,False,True,1
2006-09-18,586.2000122070312,586.2000122070312,586.2000122070312,586.2000122070312,0,False,False,1
2006-09-19,576.7999877929688,576.7999877929688,576.7999877929688,576.7999877929688,0,False,False,1
2006-09-20,580.0,584.0,584.0,584.0,2,False,False,1
2006-09-21,582.2000122070312,582.2000122070312,582.2000122070312,582.2000122070312,0,False,False,1
2006-09-22,589.4000244140625,589.4000244140625,589.4000244140625,589.4000244140625,0,False,False,1
2006-09-25,589.9000244140625,589.9000244140625,589.9000244140625,589.9000244140625,0,False,False,1
2006-09-26,591.2000122070312,591.2000122070312,591.2000122070312,591.2000122070312,0,False,False,1
2006-09-27,597.2999877929688,597.2999877929688,597.2999877929688,597.2999877929688,7818,False,False,-1
2006-09-28,605.0,606.2000122070312,597.7000122070312,597.7000122070312,8709,True,False,-1
2006-09-29,598.5999755859375,605.0999755859375,595.0,605.0999755859375,662,False,False,-1
2006-10-02,597.7000122070312,604.0,598.0,598.9000244140625,109,False,False,-1
2006-10-03,576.2999877929688,591.9000244140625,580.0,591.0,160,False,False,-1
2006-10-04,562.0,577.0,561.0,573.9000244140625,4584,False,False,1
2006-10-05,571.0,575.0,565.9000244140625,565.9000244140625,22,False,False,1
2006-10-06,572.4000244140625,572.5,560.5,572.0,24,False,True,1
2006-10-09,578.4000244140625,578.0,578.0,578.0,93,False,False,1
2006-10-10,571.9000244140625,574.5,568.0,574.5,136,False,False,1
2006-10-11,572.2999877929688,578.0,578.0,578.0,1,False,False,1
2006-10-12,576.2999877929688,575.0,575.0,575.0,5,False,False,1
2006-10-13,588.7999877929688,585.5,585.5,585.5,8,False,False,-1
2006-10-16,594.7000122070312,594.5,593.5,593.5,210,False,False,-1
2006-10-17,589.7000122070312,598.5,588.5,598.5,14,True,False,-1
2006-10-18,588.9000244140625,594.0,591.5,592.5,18,False,False,-1
2006-10-19,599.0,588.9000244140625,588.7000122070312,588.9000244140625,103,False,False,-1
2006-10-20,593.0,597.5,597.0,597.5,4,False,False,-1
2006-10-23,579.7000122070312,579.7000122070312,579.7000122070312,579.7000122070312,4,False,False,1
2006-10-24,584.4000244140625,576.5,576.5,576.5,501,False,True,1
2006-10-25,587.5999755859375,587.5999755859375,587.5999755859375,587.5999755859375,199,False,False,1
2006-10-26,596.7999877929688,595.5,595.0,595.0,26,False,False,1
2006-10-27,598.2000122070312,598.2000122070312,598.2000122070312,598.2000122070312,5,False,False,1
2006-10-30,604.7000122070312,608.9000244140625,608.0,608.5,13,False,False,1
2006-10-31,604.0999755859375,604.0999755859375,604.0999755859375,604.0999755859375,0,False,False,1
2006-11-01,616.5999755859375,612.5,612.5,612.5,6,False,False,1
2006-11-02,625.4000244140625,625.4000244140625,625.4000244140625,625.4000244140625,6,False,False,1
2006-11-03,626.9000244140625,626.9000244140625,626.9000244140625,626.9000244140625,0,False,False,1
2006-11-06,625.7999877929688,625.7999877929688,625.7999877929688,625.7999877929688,0,False,False,1
2006-11-07,625.7000122070312,625.7000122070312,625.7000122070312,625.7000122070312,0,False,False,1
2006-11-08,616.4000244140625,616.4000244140625,616.4000244140625,616.4000244140625,0,False,False,1
2006-11-09,635.0,617.0,617.0,617.0,2,False,False,-1
2006-11-10,628.4000244140625,628.4000244140625,628.4000244140625,628.4000244140625,2,False,False,1
2006-11-13,624.2000122070312,629.0,629.0,629.0,1,True,False,1
2006-11-14,623.7999877929688,620.5,620.5,620.5,1,False,False,1
2006-11-15,622.5,622.5,622.5,622.5,0,False,False,1
2006-11-16,620.5999755859375,620.5999755859375,620.5999755859375,620.5999755859375,0,False,False,1
2006-11-17,621.5,617.5,617.5,617.5,10,False,True,1
2006-11-20,621.2000122070312,621.5,621.5,621.5,0,False,False,1
2006-11-21,628.2000122070312,628.0999755859375,628.0999755859375,628.0999755859375,0,False,False,1
2006-11-22,628.7000122070312,628.7000122070312,628.7000122070312,628.7000122070312,0,False,False,1
2006-11-24,628.7000122070312,628.7000122070312,628.7000122070312,628.7000122070312,0,False,False,1
2006-11-28,637.2000122070312,637.2000122070312,637.2000122070312,637.2000122070312,82649,False,False,-1
2006-11-29,635.5,640.2999877929688,634.5,638.4000244140625,29111,False,False,1
2006-11-30,646.9000244140625,648.0,635.0,635.0,2327,False,False,-1
2006-12-01,644.7000122070312,649.7000122070312,643.5,645.7000122070312,728,True,False,-1
2006-12-04,645.2000122070312,648.0,640.5,647.0999755859375,562,False,False,-1
2006-12-05,642.2999877929688,648.0,640.5,644.2999877929688,214,False,False,-1
2006-12-06,630.5,640.5,631.0,640.5,247,False,False,-1
2006-12-07,631.9000244140625,632.5,625.0,628.2999877929688,316,False,False,-1
2006-12-08,626.0999755859375,636.5,626.0,633.2999877929688,104,False,False,-1
2006-12-11,630.0,629.7000122070312,622.4000244140625,623.0,467,False,False,-1
2006-12-12,627.0,630.5,627.5,630.2999877929688,222,False,False,-1
2006-12-13,627.9000244140625,632.5,624.0,634.7999877929688,81,False,False,-1
2006-12-14,626.5999755859375,628.5,627.5,628.0,43,False,False,-1
2006-12-15,615.0,627.7000122070312,613.0,625.5,118,False,False,1
2006-12-18,614.0,616.5,612.0,614.0,57,False,True,1
2006-12-19,621.5999755859375,620.9000244140625,616.5,620.9000244140625,40,False,False,1
2006-12-20,620.5999755859375,622.7000122070312,619.7000122070312,621.4000244140625,385,False,False,1
2006-12-21,618.2000122070312,620.7999877929688,618.0,620.7999877929688,22,False,False,1
2006-12-22,619.0999755859375,619.0,618.7000122070312,619.0,122,False,False,1
2006-12-26,623.7000122070312,628.0,623.0,625.0999755859375,58,False,False,1
2006-12-27,627.2000122070312,627.2000122070312,627.2000122070312,627.2000122070312,3,False,False,1
2006-12-28,634.0999755859375,627.0999755859375,626.0,627.0999755859375,17,False,False,-1
2006-12-29,635.2000122070312,635.2000122070312,635.2000122070312,635.2000122070312,17,False,False,-1
2007-01-02,635.2000122070312,635.2000122070312,635.2000122070312,635.2000122070312,17,False,False,-1
2007-01-03,627.0999755859375,640.4000244140625,628.5,640.4000244140625,38,True,False,-1
2007-01-04,623.9000244140625,624.5,624.5,624.5,4,False,False,-1
2007-01-05,604.9000244140625,623.7000122070312,617.2999877929688,623.7000122070312,531,False,False,1
2007-01-08,607.5,607.5,607.5,607.5,1000,False,False,1
2007-01-09,613.0999755859375,607.0,607.0,607.0,2,False,True,1
2007-01-10,611.5999755859375,611.5999755859375,611.5999755859375,611.5999755859375,2,False,False,1
2007-01-11,612.4000244140625,612.4000244140625,612.4000244140625,612.4000244140625,0,False,False,1
2007-01-12,625.5,616.2000122070312,616.2000122070312,616.2000122070312,1,False,False,1
2007-01-16,624.5999755859375,623.5999755859375,623.5999755859375,623.5999755859375,2,False,False,1
2007-01-17,632.0999755859375,632.5999755859375,630.5,630.5,2,False,False,1
2007-01-18,627.0999755859375,627.0999755859375,627.0999755859375,627.0999755859375,2,False,False,1
2007-01-19,635.5,633.5,633.5,633.5,2,False,False,1
2007-01-22,633.2999877929688,633.2999877929688,633.2999877929688,633.2999877929688,2,False,False,1
2007-01-23,645.2000122070312,642.2000122070312,642.2000122070312,642.2000122070312,1,False,False,1
2007-01-24,647.5999755859375,640.2999877929688,640.2999877929688,640.2999877929688,1,False,False,1
2007-01-25,647.7999877929688,647.7999877929688,647.7999877929688,647.7999877929688,1,False,False,1
2007-01-26,644.5,644.5,644.5,644.5,2,False,False,1
2007-01-29,643.0999755859375,643.0999755859375,643.0999755859375,643.0999755859375,71048,False,False,1
2007-01-30,644.2000122070312,647.5,640.7999877929688,643.0,25819,False,False,1
2007-01-31,652.0,655.5,641.7999877929688,646.5,3048,False,False,1
2007-02-01,657.4000244140625,661.5,652.5999755859375,652.9000244140625,1198,True,False,-1
2007-02-02,646.2000122070312,659.2999877929688,642.0,655.7000122070312,449,False,False,1
2007-02-05,650.9000244140625,651.0,647.0,649.0,196,False,False,1
2007-02-06,653.5999755859375,659.0,648.0999755859375,648.2000122070312,169,False,False,1
2007-02-07,652.2999877929688,655.5,650.4000244140625,654.7999877929688,156,False,False,1
2007-02-08,658.0,659.2999877929688,649.0999755859375,650.0,463,False,False,1
2007-02-09,667.5,669.5,658.0,659.0999755859375,127,False,False,1
2007-02-12,662.5999755859375,665.9000244140625,661.0,664.2999877929688,65,False,False,1
2007-02-13,663.9000244140625,669.0,663.7999877929688,664.2999877929688,41,False,False,1
2007-02-14,667.4000244140625,672.0,666.7000122070312,666.7000122070312,167,False,False,1
2007-02-15,667.2999877929688,668.5,663.0,668.5,93,False,False,1
2007-02-16,668.7999877929688,668.4000244140625,664.5,664.5,93,False,False,1
2007-02-20,657.0999755859375,671.0,658.2999877929688,671.0,26,False,False,1
2007-02-21,680.2000122070312,682.2999877929688,657.5,660.4000244140625,33,False,True,-1
2007-02-22,679.4000244140625,679.2999877929688,676.5,676.5,344,False,False,-1
2007-02-23,683.0999755859375,685.2999877929688,674.0,678.2999877929688,146,False,False,-1
2007-02-26,686.5,687.5999755859375,683.7999877929688,684.5999755859375,34,False,False,-1
2007-02-27,683.9000244140625,687.7000122070312,668.5,684.0,150,True,False,-1
2007-02-28,669.4000244140625,674.5,662.0,665.5999755859375,6,False,False,-1
2007-03-01,662.2999877929688,673.0,673.0,673.0,1,False,False,-1
2007-03-02,641.5,641.5,641.5,641.5,24,False,False,1
2007-03-05,636.7000122070312,640.2000122070312,640.0,640.2000122070312,17,False,True,1
2007-03-06,643.7999877929688,644.5,641.2999877929688,643.7000122070312,15,False,False,1
2007-03-07,650.5999755859375,650.5999755859375,650.5999755859375,650.5999755859375,13,False,False,1
2007-03-08,653.4000244140625,653.4000244140625,653.4000244140625,653.4000244140625,13,False,False,1
2007-03-09,650.0,650.0,650.0,650.0,320,False,False,1
2007-03-12,648.4000244140625,648.0,648.0,648.0,8,False,False,1
2007-03-13,647.5999755859375,647.5999755859375,647.5999755859375,647.5999755859375,20,False,False,1
2007-03-14,640.9000244140625,640.9000244140625,640.9000244140625,640.9000244140625,8,False,True,1
2007-03-15,645.7000122070312,645.7000122070312,645.7000122070312,645.7000122070312,8,False,False,1
2007-03-16,652.5999755859375,652.9000244140625,652.7000122070312,652.9000244140625,15,False,False,1
2007-03-19,653.0999755859375,653.0999755859375,653.0999755859375,653.0999755859375,15,False,False,1
2007-03-20,657.9000244140625,657.9000244140625,657.9000244140625,657.9000244140625,0,False,False,1
2007-03-21,659.0,659.0,659.0,659.0,0,False,False,1
2007-03-22,663.4000244140625,663.4000244140625,663.4000244140625,663.4000244140625,27,False,False,1
2007-03-23,656.7000122070312,656.7000122070312,656.7000122070312,656.7000122070312,200,False,False,1
2007-03-26,663.4000244140625,663.4000244140625,663.4000244140625,663.4000244140625,0,False,False,1
2007-03-27,662.0999755859375,662.0999755859375,662.0999755859375,662.0999755859375,0,False,False,1
2007-03-28,666.5,666.5,666.5,666.5,10244,False,False,1
2007-03-29,661.5,666.2000122070312,654.5999755859375,665.9000244140625,37425,False,True,1
2007-03-30,663.0,667.7000122070312,659.0999755859375,661.2000122070312,4623,False,False,1
2007-04-02,665.7000122070312,665.5,656.0999755859375,665.5,1468,False,False,1
2007-04-03,664.0,667.2999877929688,662.2000122070312,663.0999755859375,291,False,False,1
2007-04-04,672.0999755859375,675.0,664.0,664.0,1718,False,False,1
2007-04-05,674.2000122070312,676.0,671.5,674.2000122070312,226,False,False,1
2007-04-09,671.9000244140625,677.5,671.0999755859375,671.0999755859375,35,False,False,1
2007-04-10,676.5,681.5,673.9000244140625,673.9000244140625,29,False,False,1
2007-04-11,676.7999877929688,680.2999877929688,674.7999877929688,678.2999877929688,31,False,False,1
2007-04-12,675.0999755859375,677.5,673.0999755859375,677.0,63,False,False,1
2007-04-13,685.4000244140625,683.5999755859375,680.2000122070312,680.2000122070312,25,False,False,-1
2007-04-16,690.0999755859375,690.0999755859375,685.0999755859375,685.0999755859375,55,False,False,-1
2007-04-17,688.2000122070312,689.4000244140625,687.2000122070312,689.0,29,False,False,-1
2007-04-18,689.0999755859375,690.5999755859375,687.0,689.0999755859375,13,False,False,-1
2007-04-19,684.2999877929688,685.7000122070312,681.9000244140625,681.9000244140625,58,False,False,-1
2007-04-20,692.0,692.5,690.0999755859375,690.0999755859375,24,True,False,-1
2007-04-23,690.5999755859375,689.0,688.0,689.0,16,False,False,-1
2007-04-24,684.2000122070312,691.2999877929688,683.0,689.4000244140625,220,False,False,-1
2007-04-25,684.0999755859375,686.5,683.7999877929688,686.5,17,False,False,-1
2007-04-26,674.9000244140625,686.7999877929688,673.5,684.5,51,False,False,-1
2007-04-27,678.7000122070312,678.2999877929688,673.0,673.0,55,False,False,-1
2007-04-30,680.5,680.0,677.2999877929688,677.4000244140625,12,False,False,-1
2007-05-01,674.4000244140625,673.7000122070312,673.0,673.7000122070312,6,False,False,1
2007-05-02,672.2999877929688,672.2999877929688,672.2999877929688,672.2999877929688,0,False,True,1
2007-05-03,681.7999877929688,681.7999877929688,681.7999877929688,681.7999877929688,0,False,False,-1
2007-05-04,687.2000122070312,687.2000122070312,687.2000122070312,687.2000122070312,0,False,False,-1
2007-05-07,688.0,688.0,688.0,688.0,1,True,False,-1
2007-05-08,685.0999755859375,685.0999755859375,685.0999755859375,685.0999755859375,1,False,False,-1
2007-05-09,680.2999877929688,680.2999877929688,680.2999877929688,680.2999877929688,1,False,False,-1
2007-05-10,665.0999755859375,651.0,651.0,651.0,0,False,True,-1
2007-05-11,670.5999755859375,670.5999755859375,670.5999755859375,670.5999755859375,0,False,False,-1
2007-05-14,668.5,668.5,668.5,668.5,0,False,False,-1
2007-05-15,673.0,673.0,673.0,673.0,0,False,False,-1
2007-05-16,660.2000122070312,660.2000122070312,660.2000122070312,660.2000122070312,0,False,False,1
2007-05-17,656.2000122070312,656.2000122070312,656.2000122070312,656.2000122070312,0,False,False,1
2007-05-18,661.0,661.0,661.0,661.0,0,False,False,-1
2007-05-21,662.9000244140625,661.4000244140625,660.0,660.7000122070312,6,False,False,-1
2007-05-22,659.0999755859375,659.0999755859375,659.0999755859375,659.0999755859375,6,False,False,1
2007-05-23,661.9000244140625,661.9000244140625,661.9000244140625,661.9000244140625,6,False,False,-1
2007-05-24,653.0,656.0,654.0,654.0,5,False,False,1
2007-05-25,655.0999755859375,655.9000244140625,655.7000122070312,655.9000244140625,5,False,False,1
2007-05-29,657.0999755859375,657.0999755859375,657.0999755859375,657.0999755859375,100718,False,False,1
2007-05-30,653.0999755859375,658.4000244140625,651.5,655.7000122070312,49921,False,True,1
2007-05-31,661.0,662.0,652.5,652.5,8065,False,False,-1
2007-06-01,671.2000122070312,672.0,660.7999877929688,661.5,1496,False,False,-1
2007-06-04,670.7000122070312,673.7000122070312,668.9000244140625,671.2000122070312,612,False,False,-1
2007-06-05,669.5999755859375,674.0,669.2999877929688,672.0999755859375,242,True,False,-1
2007-06-06,669.2999877929688,670.9000244140625,665.4000244140625,670.4000244140625,489,False,False,-1
2007-06-07,660.0999755859375,671.4000244140625,658.2999877929688,671.4000244140625,282,False,False,-1
2007-06-08,645.5,659.5999755859375,645.2000122070312,658.5,261,False,False,1
2007-06-11,654.2999877929688,654.4000244140625,649.2000122070312,649.2000122070312,91,False,False,-1
2007-06-12,648.5,653.7999877929688,646.9000244140625,653.7999877929688,61,False,False,1
2007-06-13,648.2000122070312,651.5,644.2999877929688,646.5999755859375,82,False,True,1
2007-06-14,651.5999755859375,652.7999877929688,650.0,652.5999755859375,15,False,False,1
2007-06-15,654.5,655.2000122070312,650.7000122070312,651.0,28,False,False,-1
2007-06-18,655.7999877929688,658.2000122070312,655.7000122070312,657.9000244140625,57,False,False,-1
2007-06-19,660.7000122070312,660.2000122070312,653.0,656.2000122070312,36,False,False,-1
2007-06-20,656.0999755859375,660.7999877929688,658.0,660.7999877929688,8,True,False,-1
2007-06-21,650.5999755859375,648.5999755859375,648.5999755859375,648.5999755859375,6,False,False,1
2007-06-22,653.5,649.9000244140625,649.9000244140625,649.9000244140625,3,False,False,-1
2007-06-25,651.2999877929688,650.5,650.0,650.0,21,False,False,1
2007-06-26,642.0999755859375,647.5999755859375,640.0,647.5999755859375,60,False,True,1
2007-06-27,641.7000122070312,643.5,640.4000244140625,640.4000244140625,43,False,False,1
2007-06-28,647.5,648.4000244140625,643.9000244140625,643.9000244140625,89,False,False,1
2007-06-29,648.0999755859375,649.2000122070312,647.5,647.5,45,False,False,1
2007-07-02,656.5,656.7999877929688,656.7999877929688,656.7999877929688,1,False,False,1
2007-07-03,652.9000244140625,655.7000122070312,655.7000122070312,655.7000122070312,1,False,False,1
2007-07-05,648.4000244140625,648.4000244140625,648.4000244140625,648.4000244140625,18,False,False,1
2007-07-06,652.7000122070312,652.7000122070312,652.7000122070312,652.7000122070312,18,False,False,1
2007-07-09,660.5,660.5,660.5,660.5,0,False,False,1
2007-07-10,662.5,662.5,662.5,662.5,0,False,False,1
2007-07-11,660.2999877929688,660.2999877929688,660.2999877929688,660.2999877929688,6,False,False,1
2007-07-12,666.7000122070312,665.0,665.0,665.0,2,False,False,1
2007-07-13,665.7999877929688,666.7000122070312,666.7000122070312,666.7000122070312,8,False,False,1
2007-07-16,665.0,667.0999755859375,667.0999755859375,667.0999755859375,1,False,False,1
2007-07-17,664.7000122070312,664.7000122070312,664.7000122070312,664.7000122070312,0,False,False,1
2007-07-18,672.5999755859375,672.5999755859375,672.5999755859375,672.5999755859375,0,False,False,-1
2007-07-19,677.2000122070312,677.2000122070312,677.2000122070312,677.2000122070312,0,False,False,-1
2007-07-20,683.9000244140625,683.9000244140625,683.9000244140625,683.9000244140625,0,False,False,-1
2007-07-23,680.7999877929688,680.7999877929688,680.7999877929688,680.7999877929688,0,False,False,-1
2007-07-24,684.2000122070312,684.2000122070312,684.2000122070312,684.2000122070312,0,True,False,-1
2007-07-25,673.2999877929688,673.2999877929688,673.2999877929688,673.2999877929688,0,False,False,-1
2007-07-26,662.5,662.5,662.5,662.5,0,False,False,1
2007-07-27,660.0,660.0,660.0,660.0,95749,False,False,1
2007-07-30,664.0999755859375,665.2000122070312,659.2999877929688,659.9000244140625,36526,False,False,-1
2007-07-31,666.9000244140625,668.2999877929688,662.5999755859375,665.0,5769,False,False,-1
2007-08-01,663.5999755859375,666.2999877929688,658.5,663.2000122070312,2026,False,True,-1
2007-08-02,664.5999755859375,666.7000122070312,662.7999877929688,666.7000122070312,1062,False,False,-1
2007-08-03,672.5,674.4000244140625,665.7000122070312,665.7999877929688,575,False,False,-1
2007-08-06,671.5,672.0999755859375,668.7999877929688,672.0999755859375,212,False,False,-1
2007-08-07,670.5999755859375,670.0,666.5,670.0,313,False,False,-1
2007-08-08,674.5,676.2000122070312,674.0,674.7000122070312,136,True,False,-1
2007-08-09,661.4000244140625,667.7999877929688,661.4000244140625,667.7999877929688,377,False,False,-1
2007-08-10,670.2999877929688,673.4000244140625,659.5,659.5,1101,False,False,-1
2007-08-13,669.7000122070312,671.0,668.5999755859375,669.9000244140625,52,False,False,-1
2007-08-14,668.5999755859375,670.5,665.0,665.0,106,False,False,-1
2007-08-15,668.9000244140625,669.7000122070312,662.5,665.0,845,False,False,-1
2007-08-16,648.2999877929688,665.2000122070312,642.9000244140625,665.2000122070312,130,False,True,1
2007-08-17,656.9000244140625,657.7000122070312,648.4000244140625,648.4000244140625,219,False,False,1
2007-08-20,656.7000122070312,660.0,658.5999755859375,658.5999755859375,189,False,False,1
2007-08-21,656.7000122070312,658.4000244140625,657.5,657.9000244140625,9,False,False,1
2007-08-22,659.0999755859375,661.0999755859375,658.9000244140625,658.9000244140625,303,False,False,1
2007-08-23,658.9000244140625,663.7000122070312,663.2000122070312,663.5999755859375,135,False,False,1
2007-08-24,668.0,668.7999877929688,662.0999755859375,662.0999755859375,208,False,False,1
2007-08-27,666.7999877929688,668.0,666.0,667.9000244140625,77,False,False,1
2007-08-28,664.4000244140625,665.9000244140625,664.2000122070312,665.5,22,False,False,1
2007-08-29,666.2999877929688,667.7000122070312,667.0,667.0,78,False,False,1
2007-08-30,665.0,666.5,665.5,665.5,186,False,False,1
2007-08-31,673.0,672.7999877929688,672.5,672.5,186,False,False,1
2007-09-04,682.5,682.5,682.5,682.5,0,False,False,1
2007-09-05,681.7000122070312,679.0999755859375,678.5999755859375,678.5999755859375,80,False,False,1
2007-09-06,695.5999755859375,692.4000244140625,692.2000122070312,692.2000122070312,2,False,False,1
2007-09-07,700.7999877929688,700.7999877929688,700.7999877929688,700.7999877929688,1,False,False,1
2007-09-10,703.2999877929688,705.0,702.0,704.5,43,False,False,1
2007-09-11,712.2000122070312,703.5,702.7999877929688,703.5,55,False,False,1
2007-09-12,711.9000244140625,713.9000244140625,712.5,713.9000244140625,6,False,False,1
2007-09-13,709.5,707.4000244140625,706.9000244140625,706.9000244140625,19,False,False,1
2007-09-14,709.5999755859375,717.2000122070312,714.9000244140625,717.2000122070312,33,False,False,1
2007-09-17,715.7999877929688,719.0999755859375,719.0999755859375,719.0999755859375,36,False,False,1
2007-09-18,715.7999877929688,715.7999877929688,715.7999877929688,715.7999877929688,104,False,False,1
2007-09-19,722.0,724.5999755859375,724.5999755859375,724.5999755859375,12,False,False,1
2007-09-20,732.4000244140625,732.4000244140625,732.4000244140625,732.4000244140625,12,False,False,1
2007-09-21,731.4000244140625,731.4000244140625,731.4000244140625,731.4000244140625,6,False,False,1
2007-09-24,732.0999755859375,732.0999755859375,732.0999755859375,732.0999755859375,150,False,False,1
2007-09-25,731.5999755859375,731.5999755859375,731.5999755859375,731.5999755859375,60,False,False,1
2007-09-26,728.2999877929688,728.2999877929688,728.2999877929688,728.2999877929688,12901,False,False,1
2007-09-27,732.7000122070312,735.5,727.4000244140625,728.2000122070312,11841,False,False,1
2007-09-28,742.7999877929688,745.7000122070312,733.7000122070312,733.7000122070312,2004,False,False,-1
2007-10-01,747.2000122070312,747.4000244140625,741.7999877929688,745.0999755859375,644,True,False,-1
2007-10-02,729.7999877929688,746.5,726.5,746.5,319,False,False,1
2007-10-03,729.2999877929688,732.5,726.7000122070312,727.5999755859375,61,False,False,1
2007-10-04,737.7999877929688,736.7999877929688,724.2999877929688,725.0999755859375,17,False,True,1
2007-10-05,741.2999877929688,741.7000122070312,731.0,731.0,6,False,False,1
2007-10-08,732.7999877929688,737.0,732.4000244140625,735.2000122070312,88,False,False,1
2007-10-09,737.4000244140625,736.5,735.5,736.0999755859375,44,False,False,1
2007-10-10,740.4000244140625,741.0,740.7000122070312,740.9000244140625,32,False,False,1
2007-10-11,751.2999877929688,749.7000122070312,746.0,747.4000244140625,180,False,False,1
2007-10-12,748.7000122070312,750.4000244140625,748.7000122070312,750.4000244140625,371,False,False,1
2007-10-15,757.0999755859375,759.5999755859375,757.9000244140625,758.0,344,False,False,1
2007-10-16,757.0,762.4000244140625,756.0999755859375,762.4000244140625,151,False,False,1
2007-10-17,757.5,760.0,757.0,760.0,45,False,False,1
2007-10-18,764.0999755859375,765.7999877929688,765.7999877929688,765.7999877929688,9,False,False,1
2007-10-19,764.0,765.2000122070312,762.7000122070312,765.2000122070312,7,False,False,1
2007-10-22,755.7999877929688,766.7000122070312,751.9000244140625,766.7000122070312,60,False,True,1
2007-10-23,759.0,756.0,756.0,755.7000122070312,7,False,False,1
2007-10-24,761.5999755859375,758.2000122070312,753.5,758.2000122070312,55,False,False,1
2007-10-25,767.2999877929688,767.9000244140625,767.9000244140625,767.9000244140625,10,False,False,1
2007-10-26,783.9000244140625,783.4000244140625,771.4000244140625,771.4000244140625,81,False,False,1
2007-10-29,789.0999755859375,793.7999877929688,787.2999877929688,793.7999877929688,9,False,False,1
2007-10-30,784.2999877929688,785.5,780.7000122070312,785.5,168,False,False,1
2007-10-31,792.0,795.4000244140625,789.2999877929688,789.2999877929688,12,False,False,1
2007-11-01,790.7000122070312,791.2999877929688,785.2999877929688,785.2999877929688,4,False,False,1
2007-11-02,805.7000122070312,806.5,794.0999755859375,794.0999755859375,4,False,False,1
2007-11-05,808.0999755859375,804.5999755859375,804.2000122070312,804.5999755859375,17,False,False,1
2007-11-06,820.7999877929688,825.2999877929688,821.9000244140625,821.9000244140625,4,False,False,1
2007-11-07,831.0,831.2000122070312,830.0,830.0,3,False,False,-1
2007-11-08,835.2000122070312,841.2999877929688,829.7999877929688,829.7999877929688,8,True,False,-1
2007-11-09,832.5,835.7999877929688,831.7000122070312,835.7000122070312,7,False,False,-1
2007-11-12,805.7999877929688,803.9000244140625,798.7000122070312,803.9000244140625,3,False,False,-1
2007-11-13,797.2000122070312,804.2999877929688,800.0,804.2999877929688,6,False,False,1
2007-11-14,813.0,817.0,816.7000122070312,816.7000122070312,11,False,False,-1
2007-11-15,785.9000244140625,794.5,793.7000122070312,794.5,0,False,False,1
2007-11-16,785.7000122070312,785.7000122070312,785.7000122070312,785.7000122070312,0,False,False,1
2007-11-19,776.7999877929688,777.5999755859375,777.5999755859375,777.5999755859375,1,False,True,1
2007-11-20,790.2999877929688,802.5,792.9000244140625,792.9000244140625,5,False,False,1
2007-11-21,797.5999755859375,797.5999755859375,797.5999755859375,797.5999755859375,5,False,False,1
2007-11-23,824.0,824.0,824.0,824.0,6,False,False,-1
2007-11-26,826.0,826.0,826.0,826.0,6,True,False,-1
2007-11-27,813.7000122070312,824.7999877929688,812.5,823.2000122070312,32,False,False,-1
2007-11-28,800.0999755859375,800.0999755859375,800.0999755859375,800.0999755859375,165342,False,False,-1
2007-11-29,795.2999877929688,807.7999877929688,791.9000244140625,804.0,66669,False,False,-1
2007-11-30,782.2000122070312,798.5999755859375,778.4000244140625,795.0,7212,False,False,1
2007-12-03,788.2999877929688,794.5999755859375,777.0,783.9000244140625,3728,False,True,1
2007-12-04,801.2999877929688,805.0,787.2000122070312,794.0,925,False,False,1
2007-12-05,797.5,803.9000244140625,791.7000122070312,802.2000122070312,389,False,False,1
2007-12-06,801.2000122070312,804.7999877929688,786.5,794.4000244140625,332,False,False,1
2007-12-07,794.4000244140625,801.2000122070312,792.0,800.7000122070312,218,False,False,1
2007-12-10,807.7000122070312,809.7000122070312,799.2999877929688,799.2999877929688,274,False,False,-1
2007-12-11,811.4000244140625,812.0,796.0,808.0999755859375,347,False,False,-1
2007-12-12,813.5,815.9000244140625,809.5999755859375,809.7000122070312,291,True,False,-1
2007-12-13,799.0,810.2999877929688,792.7000122070312,810.2999877929688,200,False,False,1
2007-12-14,793.2999877929688,803.5,789.5999755859375,800.2999877929688,196,False,False,1
2007-12-17,794.7999877929688,794.5,788.4000244140625,793.5,115,False,True,1
2007-12-18,803.0,804.7999877929688,793.0,793.0,72,False,False,1
2007-12-19,801.0999755859375,804.0,799.0999755859375,799.2000122070312,68,False,False,1
2007-12-20,799.2000122070312,800.0,794.2000122070312,799.5,114,False,False,1
2007-12-21,811.5999755859375,812.5,800.0,800.0,64,False,False,1
2007-12-24,812.7999877929688,814.0999755859375,809.7999877929688,811.5,41,False,False,1
2007-12-26,826.0,826.9000244140625,815.7000122070312,815.7000122070312,36,False,False,1
2007-12-27,828.5999755859375,832.5,824.7999877929688,824.7999877929688,160,False,False,1
2007-12-28,839.5999755859375,840.2000122070312,826.5999755859375,826.5999755859375,107,False,False,1
2007-12-31,834.9000244140625,843.2000122070312,843.2000122070312,843.2000122070312,4,False,False,1
2008-01-02,857.0,857.7999877929688,846.4000244140625,848.7000122070312,130,False,False,1
2008-01-03,866.4000244140625,865.5,856.2999877929688,863.0,181,False,False,1
2008-01-04,863.0999755859375,865.5,860.2000122070312,861.4000244140625,28,False,False,1
2008-01-07,859.5999755859375,860.9000244140625,857.4000244140625,860.9000244140625,4,False,False,1
2008-01-08,878.0,879.4000244140625,861.5999755859375,861.5999755859375,21,False,False,1
2008-01-09,879.5,885.0,876.0,885.0,48,False,False,1
2008-01-10,891.7000122070312,891.4000244140625,881.2000122070312,882.0,6,False,False,-1
2008-01-11,896.0999755859375,899.7000122070312,889.7000122070312,889.7999877929688,183,False,False,-1
2008-01-14,901.5999755859376,907.2999877929688,905.0,907.2999877929688,89,True,False,-1
2008-01-15,901.0,887.5999755859375,887.5999755859375,887.5999755859375,101,False,False,-1
2008-01-16,880.5999755859375,885.7999877929688,880.5,880.5,102,False,False,1
2008-01-17,879.5,888.2000122070312,876.7999877929688,888.2000122070312,11,False,False,1
2008-01-18,880.7999877929688,886.7999877929688,871.0,871.7999877929688,30,False,False,1
2008-01-22,889.5999755859375,891.0,863.2000122070312,878.7000122070312,30,False,True,1
2008-01-23,882.5,895.7000122070312,880.0,885.0,49,False,False,1
2008-01-24,905.5,906.5999755859376,890.9000244140625,890.9000244140625,6,False,False,1
2008-01-25,910.5,910.5,910.5,910.5,6,False,False,1
2008-01-28,927.0999755859376,922.0,914.5,916.5999755859376,25,False,False,-1
2008-01-29,925.0999755859376,925.0,925.0,925.0,157692,False,False,-1
2008-01-30,920.5999755859376,936.2999877929688,915.2999877929688,924.4000244140624,68820,True,False,-1
2008-01-31,922.7000122070312,928.5999755859376,918.2999877929688,928.2000122070312,4289,False,False,-1
2008-02-01,908.7000122070312,936.2000122070312,903.7000122070312,924.7999877929688,2152,False,False,-1
2008-02-04,904.9000244140624,912.0,892.5,903.7000122070312,1493,False,False,-1
2008-02-05,885.9000244140625,905.2000122070312,884.7000122070312,905.0999755859376,476,False,True,1
2008-02-06,900.7000122070312,910.0,887.5,887.9000244140625,430,False,False,1
2008-02-07,906.0999755859376,909.2999877929688,896.4000244140625,900.5999755859375,463,False,False,1
2008-02-08,918.4000244140624,920.0,911.5,915.2999877929688,339,False,False,-1
2008-02-11,922.9000244140624,926.9000244140624,917.5,920.7000122070312,181,False,False,-1
2008-02-12,907.4000244140624,924.7999877929688,904.2000122070312,921.0,278,False,False,1
2008-02-13,906.5,909.4000244140624,897.2000122070312,903.0,89,False,False,1
2008-02-14,907.4000244140624,911.0,904.0,904.0,128,False,False,1
2008-02-15,902.7999877929688,913.5999755859376,898.7000122070312,910.0999755859376,128,False,False,1
2008-02-19,926.5999755859376,928.7999877929688,900.5,904.2999877929688,174,False,False,1
2008-02-20,934.5999755859376,945.0,919.5999755859376,926.5,73,False,False,1
2008-02-21,946.0999755859376,953.4000244140624,940.0999755859376,940.0999755859376,138,False,False,1
2008-02-22,944.7000122070312,948.5,942.5,944.9000244140624,79,False,False,1
2008-02-25,937.5999755859376,948.9000244140624,933.0,946.5,312,False,False,1
2008-02-26,946.0999755859376,949.0,931.2999877929688,931.2999877929688,224,False,False,1
2008-02-27,958.2000122070312,960.0,955.0,960.0,215,False,False,1
2008-02-28,964.5,972.0999755859376,954.4000244140624,957.4000244140624,238,False,False,1
2008-02-29,972.0999755859376,973.0999755859376,963.5,971.4000244140624,39,False,False,1
2008-03-03,981.5,986.9000244140624,979.7000122070312,984.2000122070312,26,False,False,1
2008-03-04,963.9000244140624,984.5,963.7999877929688,982.4000244140624,41,False,False,1
2008-03-05,986.2000122070312,992.7000122070312,963.9000244140624,965.0,45,True,False,-1
2008-03-06,975.0,987.7000122070312,973.4000244140624,984.2999877929688,46,False,False,1
2008-03-07,972.2000122070312,984.9000244140624,972.4000244140624,982.7999877929688,96,False,False,1
2008-03-10,969.9000244140624,976.7999877929688,964.7000122070312,975.5,92,False,False,1
2008-03-11,974.2000122070312,976.7000122070312,971.5,975.7000122070312,12,False,False,1
2008-03-12,978.7999877929688,979.2999877929688,973.5,973.5999755859376,6,False,False,1
2008-03-13,992.2999877929688,998.5,983.7000122070312,983.7000122070312,10,False,False,1
2008-03-14,998.2000122070312,1004.5999755859376,993.0,993.9000244140624,27,False,False,-1
2008-03-17,1001.4000244140624,1014.5999755859376,996.4000244140624,1005.0,82,True,False,-1
2008-03-18,1003.2000122070312,1010.0,978.2000122070312,1003.5999755859376,30,False,False,-1
2008-03-19,944.7000122070312,979.2999877929688,938.4000244140624,979.2999877929688,84,False,False,-1
2008-03-20,919.5999755859376,943.2000122070312,917.7000122070312,939.9000244140624,34,False,False,1
2008-03-24,918.2999877929688,922.0,915.2000122070312,915.5,71,False,False,1
2008-03-25,934.5999755859376,933.9000244140624,927.2000122070312,931.5,102,False,False,-1
2008-03-26,949.0,949.5999755859376,949.5999755859376,949.5999755859376,1,False,False,-1
2008-03-27,948.7999877929688,951.7000122070312,945.7000122070312,947.4000244140624,145634,False,False,-1
2008-03-28,930.5999755859376,951.0999755859376,921.7999877929688,947.5,64013,False,False,-1
2008-03-31,916.2000122070312,940.0999755859376,912.0,931.0,5980,False,False,-1
2008-04-01,882.9000244140625,919.7999877929688,871.7999877929688,915.0,3204,False,True,1
2008-04-02,895.2000122070312,906.5,881.2000122070312,884.0,2367,False,False,1
2008-04-03,905.0,907.5,889.5999755859375,901.2000122070312,984,False,False,1
2008-04-04,909.0,914.9000244140624,898.7999877929688,904.7000122070312,279,False,False,1
2008-04-07,922.7000122070312,927.2000122070312,912.2999877929688,915.2999877929688,2086,False,False,-1
2008-04-08,914.0,925.2999877929688,909.2999877929688,924.2000122070312,405,False,False,1
2008-04-09,933.5999755859376,935.5,904.0999755859376,916.0,390,False,False,-1
2008-04-10,928.2999877929688,939.2000122070312,922.4000244140624,931.2999877929688,409,False,False,1
2008-04-11,923.5999755859376,931.2000122070312,919.5999755859376,919.5999755859376,141,False,False,1
2008-04-14,925.4000244140624,929.4000244140624,915.5999755859376,917.0,153,False,False,1
2008-04-15,928.7000122070312,936.0,924.2999877929688,924.2999877929688,168,False,False,1
2008-04-16,945.0999755859376,948.7000122070312,927.2000122070312,927.2000122070312,161,True,False,-1
2008-04-17,939.7999877929688,947.9000244140624,938.7000122070312,927.2000122070312,209,False,False,-1
2008-04-18,912.2000122070312,936.0,907.2000122070312,936.0,145,False,False,-1
2008-04-21,914.7000122070312,924.5999755859376,914.0999755859376,922.5,449,False,False,-1
2008-04-22,922.2999877929688,922.7999877929688,916.2000122070312,920.5999755859376,625,False,False,-1
2008-04-23,906.2000122070312,921.5,898.7999877929688,916.7999877929688,111,False,False,-1
2008-04-24,886.7999877929688,904.7999877929688,885.0999755859375,902.4000244140624,80,False,False,-1
2008-04-25,887.2000122070312,893.5999755859375,878.0999755859375,878.2000122070312,77,False,False,-1
2008-04-28,892.9000244140625,893.7999877929688,887.0,887.0,339,False,False,-1
2008-04-29,874.2000122070312,890.5999755859375,869.5999755859375,890.5999755859375,136,False,False,-1
2008-04-30,862.7999877929688,875.2000122070312,863.0,868.7000122070312,88,False,False,1
2008-05-01,848.9000244140625,873.5,849.5999755859375,855.0,28,False,True,1
2008-05-02,856.0999755859375,857.7000122070312,853.2999877929688,853.2999877929688,6,False,False,1
2008-05-05,872.2999877929688,872.7999877929688,861.2000122070312,861.2000122070312,35,False,False,1
2008-05-06,876.0,881.4000244140625,872.2999877929688,872.2999877929688,47,False,False,1
2008-05-07,869.5999755859375,869.4000244140625,864.7999877929688,868.0,43,False,False,1
2008-05-08,880.5999755859375,883.2999877929688,867.0999755859375,871.0,71,False,False,-1
2008-05-09,884.5,884.7000122070312,883.9000244140625,883.9000244140625,25,False,False,-1
2008-05-12,883.7000122070312,886.5,879.2000122070312,879.2000122070312,56,False,False,-1
2008-05-13,868.5,870.4000244140625,862.9000244140625,862.9000244140625,17,False,False,1
2008-05-14,865.4000244140625,868.5999755859375,862.7999877929688,862.7999877929688,41,False,True,1
2008-05-15,879.0,886.2999877929688,865.7999877929688,865.7999877929688,121,False,False,1
2008-05-16,899.0,904.2000122070312,892.0,892.0,85,False,False,1
2008-05-19,905.0,905.0,905.0,905.0,2,False,False,1
2008-05-20,919.5,919.5,919.5,919.5,2,False,False,-1
2008-05-21,928.0,924.0,923.2000122070312,923.5,3,False,False,-1
2008-05-22,917.9000244140624,917.5999755859376,917.5999755859376,917.5999755859376,1,False,False,-1
2008-05-23,925.5999755859376,925.5999755859376,916.0,916.9000244140624,1,True,False,-1
2008-05-27,907.7000122070312,912.0,906.5,912.0,25,False,False,-1
2008-05-28,900.5,900.5,900.5,900.5,149889,False,False,-1
2008-05-29,877.2000122070312,903.2000122070312,872.0999755859375,903.0,64624,False,False,1
2008-05-30,887.2999877929688,888.5,868.5999755859375,880.2000122070312,6671,False,False,-1
2008-06-02,892.9000244140625,898.0,881.7999877929688,887.2999877929688,2132,False,False,-1
2008-06-03,881.5999755859375,896.0999755859375,874.5999755859375,889.7999877929688,2079,False,False,1
2008-06-04,879.9000244140625,886.0999755859375,876.0,879.5,612,False,False,1
2008-06-05,871.7999877929688,878.7999877929688,865.4000244140625,876.0999755859375,340,False,False,1
2008-06-06,895.4000244140625,901.0,877.7000122070312,878.5,230,False,False,-1
2008-06-09,894.7000122070312,908.9000244140624,890.5,900.7000122070312,1930,True,False,-1
2008-06-10,867.9000244140625,886.5999755859375,866.0,886.5999755859375,457,False,False,1
2008-06-11,879.7000122070312,882.0,869.5,869.5,146,False,False,-1
2008-06-12,869.2000122070312,873.5999755859375,858.2000122070312,873.5999755859375,135,False,True,1
2008-06-13,870.2999877929688,870.2999877929688,860.5,870.2999877929688,361,False,False,1
2008-06-16,883.5999755859375,893.0,871.2999877929688,872.5,70,False,False,1
2008-06-17,884.2999877929688,887.0,876.2999877929688,883.4000244140625,62,False,False,1
2008-06-18,890.9000244140625,891.9000244140625,885.0999755859375,888.0,135,False,False,1
2008-06-19,901.7000122070312,906.5,888.5999755859375,888.5999755859375,44,False,False,-1
2008-06-20,901.2999877929688,907.2999877929688,901.0,903.7999877929688,21,False,False,-1
2008-06-23,884.7999877929688,903.4000244140624,879.2000122070312,903.4000244140624,54,False,False,1
2008-06-24,889.2000122070312,891.2000122070312,885.5,889.5999755859375,64,False,False,1
2008-06-25,880.0,883.7999877929688,876.4000244140625,883.5999755859375,97,False,True,1
2008-06-26,913.0999755859376,912.5999755859376,909.5999755859376,909.5999755859376,182,False,False,1
2008-06-27,929.2999877929688,927.5999755859376,910.7000122070312,913.0999755859376,167,False,False,1
2008-06-30,926.2000122070312,933.7000122070312,922.2999877929688,927.7000122070312,144,False,False,1
2008-07-01,942.5,945.7999877929688,938.0,943.5999755859376,32,True,False,-1
2008-07-02,944.7999877929688,944.7999877929688,933.0999755859376,938.7999877929688,58,False,False,-1
2008-07-03,931.9000244140624,944.7999877929688,928.0,944.7999877929688,58,False,False,1
2008-07-07,927.2999877929688,931.4000244140624,915.4000244140624,931.4000244140624,141,False,False,1
2008-07-08,921.9000244140624,922.7999877929688,919.2000122070312,922.7999877929688,37,False,False,1
2008-07-09,927.2999877929688,928.2000122070312,919.7999877929688,919.7999877929688,31,False,False,1
2008-07-10,940.9000244140624,942.0999755859376,928.0999755859376,928.0999755859376,18,False,False,1
2008-07-11,959.5,965.7000122070312,948.2000122070312,948.2000122070312,58,False,False,1
2008-07-14,972.7000122070312,974.5999755859376,955.0,964.7000122070312,55,False,False,-1
2008-07-15,977.7000122070312,986.2000122070312,976.0,983.5,12,True,False,-1
2008-07-16,961.7999877929688,960.0,960.0,960.0,1,False,False,-1
2008-07-17,970.0,976.2000122070312,957.2999877929688,957.2999877929688,37,False,False,-1
2008-07-18,957.2999877929688,957.0,956.7999877929688,956.7999877929688,2,False,False,-1
2008-07-21,963.0999755859376,964.5,963.5,964.5,2,False,False,-1
2008-07-22,948.0,974.9000244140624,973.0,973.0,3,False,False,-1
2008-07-23,922.4000244140624,935.0,924.2000122070312,935.0,203,False,False,-1
2008-07-24,922.0,926.4000244140624,920.9000244140624,920.9000244140624,47,False,False,-1
2008-07-25,926.5999755859376,929.2000122070312,921.2000122070312,928.4000244140624,35,False,False,-1
2008-07-28,927.5999755859376,931.0999755859376,927.0,928.7999877929688,28,False,False,-1
2008-07-29,916.4000244140624,917.7000122070312,916.2000122070312,916.2000122070312,147310,False,False,-1
2008-07-30,902.9000244140624,919.0999755859376,893.2999877929688,917.9000244140624,93759,False,False,1
2008-07-31,913.9000244140624,925.5999755859376,906.0999755859376,906.9000244140624,8550,False,False,-1
2008-08-01,909.0,916.0999755859376,902.0999755859376,904.9000244140624,1834,False,False,-1
2008-08-04,900.0999755859375,915.2999877929688,894.4000244140625,912.7000122070312,2415,False,False,-1
2008-08-05,878.5999755859375,895.4000244140625,873.2999877929688,895.4000244140625,790,False,False,-1
2008-08-06,875.5999755859375,885.5999755859375,875.0,880.7000122070312,1330,False,False,-1
2008-08-07,870.7000122070312,883.7999877929688,870.2999877929688,882.2000122070312,335,False,False,-1
2008-08-08,857.7999877929688,869.5,851.0999755859375,868.7999877929688,303,False,False,-1
2008-08-11,821.5,863.4000244140625,818.0,858.2999877929688,286,False,False,-1
2008-08-12,808.2000122070312,826.4000244140625,803.5999755859375,826.4000244140625,99,False,False,1
2008-08-13,825.0,829.0999755859375,810.9000244140625,810.9000244140625,155,False,False,-1
2008-08-14,808.2000122070312,831.9000244140625,805.0,831.4000244140625,67,False,False,-1
2008-08-15,786.0,799.2000122070312,780.9000244140625,796.9000244140625,134,False,True,1
2008-08-18,799.7000122070312,801.7000122070312,792.0,792.0,22,False,False,1
2008-08-19,811.0999755859375,814.5,789.5999755859375,789.5999755859375,48,False,False,1
2008-08-20,810.2999877929688,814.9000244140625,804.7000122070312,814.9000244140625,87,False,False,1
2008-08-21,833.0,835.5999755859375,825.7999877929688,825.7999877929688,99,False,False,-1
2008-08-22,827.4000244140625,836.5999755859375,823.0999755859375,832.2999877929688,21,False,False,-1
2008-08-25,819.7999877929688,819.7999877929688,819.7999877929688,819.7999877929688,44,False,False,1
2008-08-26,822.2000122070312,826.0,826.0,826.0,142,False,False,1
2008-08-27,828.0999755859375,830.2999877929688,825.2999877929688,830.2999877929688,423,False,False,-1
2008-08-28,830.9000244140625,842.5999755859375,824.5,828.0,503,True,False,-1
2008-08-29,829.2999877929688,833.0,831.7000122070312,831.7000122070312,116,False,False,-1
2008-09-02,805.0,840.7000122070312,790.7999877929688,829.9000244140625,185,False,False,-1
2008-09-03,802.7000122070312,805.5999755859375,791.5999755859375,805.5999755859375,28,False,False,-1
2008-09-04,797.9000244140625,809.0999755859375,794.9000244140625,801.4000244140625,76,False,False,-1
2008-09-05,797.5999755859375,809.0,794.0,794.7000122070312,85,False,False,-1
2008-09-08,797.5,813.2000122070312,796.4000244140625,811.0,88,False,False,-1
2008-09-09,787.0999755859375,802.0,780.0,802.0,29,False,False,-1
2008-09-10,757.9000244140625,781.0,752.7999877929688,776.5999755859375,56,False,False,-1
2008-09-11,741.2999877929688,756.5999755859375,739.0,756.5999755859375,25,False,True,1
2008-09-12,760.2999877929688,756.0,750.5,750.5,12,False,False,1
2008-09-15,783.0999755859375,778.5999755859375,764.0,778.0999755859375,19,False,False,1
2008-09-16,776.5,777.7000122070312,777.0,777.7000122070312,2,False,False,1
2008-09-17,846.5999755859375,808.0,782.9000244140625,782.9000244140625,26,False,False,1
2008-09-18,892.7000122070312,910.9000244140624,836.0,869.9000244140625,59,True,False,-1
2008-09-19,860.5999755859375,860.5999755859375,860.5999755859375,860.5999755859375,112,False,False,1
2008-09-22,903.9000244140624,908.0999755859376,888.7999877929688,888.7999877929688,20,False,False,-1
2008-09-23,885.5,898.9000244140625,886.0,892.4000244140625,184,False,False,1
2008-09-24,889.0,891.2999877929688,879.5,879.5,185,False,False,1
2008-09-25,877.7000122070312,891.5,884.5,891.5,92,False,False,1
2008-09-26,882.9000244140625,890.2000122070312,884.2000122070312,884.2000122070312,13695,False,False,1
2008-09-29,888.2000122070312,919.0,866.4000244140625,871.2999877929688,2943,True,False,1
2008-09-30,874.2000122070312,912.5,855.0,904.7999877929688,879,False,False,-1
2008-10-01,880.7000122070312,889.0999755859375,869.2000122070312,878.0,304,False,False,-1
2008-10-02,839.0,870.4000244140625,829.2999877929688,870.4000244140625,462,False,False,1
2008-10-03,828.9000244140625,844.2999877929688,823.0,832.5,228,False,True,1
2008-10-06,862.7000122070312,868.7999877929688,826.0,828.7999877929688,510,False,False,1
2008-10-07,878.4000244140625,883.0,858.2000122070312,862.0999755859375,41,False,False,1
2008-10-08,903.0999755859376,915.5,877.7000122070312,879.7000122070312,310,False,False,-1
2008-10-09,883.0999755859375,919.7000122070312,883.0,902.7000122070312,76,False,False,1
2008-10-10,855.4000244140625,925.7000122070312,843.0,925.7000122070312,104,True,False,-1
2008-10-13,838.9000244140625,861.0999755859375,830.2999877929688,861.0999755859375,186,False,False,-1
2008-10-14,836.2999877929688,848.0999755859375,833.5,848.0999755859375,48,False,False,-1
2008-10-15,835.5,848.7000122070312,831.5999755859375,839.5,120,False,False,-1
2008-10-16,801.5,846.0,790.0,846.0,34,False,False,-1
2008-10-17,785.0999755859375,807.0,773.7999877929688,798.0,55,False,False,1
2008-10-20,787.5999755859375,803.7999877929688,787.5,803.7999877929688,19,False,False,-1
2008-10-21,766.0999755859375,793.7000122070312,767.7000122070312,793.7000122070312,83,False,False,-1
2008-10-22,733.2999877929688,771.7000122070312,721.0,771.7000122070312,244,False,False,-1
2008-10-23,713.2999877929688,719.7999877929688,705.0,705.0,37,False,False,1
2008-10-24,729.0999755859375,734.2000122070312,681.0,715.2999877929688,99,False,True,1
2008-10-27,741.7000122070312,744.5,712.0,742.7999877929688,268,False,False,1
2008-10-28,739.2999877929688,748.7999877929688,730.5999755859375,731.0,6,False,False,1
2008-10-29,752.7999877929688,750.7999877929688,750.7999877929688,750.7999877929688,90,False,False,1
2008-10-30,737.2000122070312,774.0,739.0999755859375,760.5,24,True,False,-1
2008-10-31,716.7999877929688,736.0,718.4000244140625,731.4000244140625,17,False,False,1
2008-11-03,725.4000244140625,731.5,728.7000122070312,728.7999877929688,16,False,False,1
2008-11-04,756.0,760.0,726.0,726.0,30,False,False,-1
2008-11-05,741.2999877929688,757.4000244140625,739.0,757.4000244140625,22,False,False,1
2008-11-06,731.2000122070312,759.0,731.9000244140625,743.4000244140625,30,False,False,1
2008-11-07,733.2000122070312,743.0,727.2000122070312,731.5,17,False,False,1
2008-11-10,745.5999755859375,753.5999755859375,747.9000244140625,749.0,42,False,False,-1
2008-11-11,732.0,735.5999755859375,729.7999877929688,734.2000122070312,39,False,False,-1
2008-11-12,717.7000122070312,734.7000122070312,722.5,730.4000244140625,71,False,False,1
2008-11-13,704.9000244140625,715.5,707.0,714.2999877929688,922,False,True,1
2008-11-14,742.4000244140625,747.0999755859375,726.5,726.5,9,False,False,1
2008-11-17,741.9000244140625,741.9000244140625,741.9000244140625,741.9000244140625,9,False,False,1
2008-11-18,732.5999755859375,744.9000244140625,734.0,738.0,13,False,False,1
2008-11-19,735.9000244140625,758.7999877929688,735.0,736.0,55,False,False,1
2008-11-20,748.5999755859375,750.0,739.5,740.5,62,False,False,1
2008-11-21,791.7000122070312,784.0999755859375,771.2000122070312,771.2999877929688,20,False,False,1
2008-11-24,819.4000244140625,824.0,819.9000244140625,819.9000244140625,3,True,False,-1
2008-11-25,818.4000244140625,818.4000244140625,818.4000244140625,818.4000244140625,158862,False,False,-1
2008-11-26,808.5,822.0,806.7999877929688,819.0999755859375,158862,False,False,-1
2008-11-28,816.2000122070312,819.0,808.2000122070312,811.0999755859375,6325,False,False,-1
2008-12-01,774.5999755859375,817.2999877929688,766.0,817.2000122070312,2791,False,False,-1
2008-12-02,781.2999877929688,786.0,759.7000122070312,765.2999877929688,1393,False,False,-1
2008-12-03,768.7999877929688,781.9000244140625,762.9000244140625,780.0,439,False,False,-1
2008-12-04,763.7999877929688,780.4000244140625,761.7000122070312,770.0,606,False,False,-1
2008-12-05,750.5,769.5999755859375,740.0,764.5,888,False,True,1
2008-12-08,767.4000244140625,780.2000122070312,754.2000122070312,755.0,573,False,False,1
2008-12-09,772.4000244140625,776.5,762.2999877929688,775.0,101,False,False,1
2008-12-10,807.0999755859375,811.0,783.0999755859375,784.0999755859375,235,False,False,1
2008-12-11,824.9000244140625,832.0999755859375,801.0,803.4000244140625,260,False,False,1
2008-12-12,818.9000244140625,827.0,813.7999877929688,821.5,182,False,False,1
2008-12-15,835.4000244140625,842.0,824.0,828.0,470,False,False,1
2008-12-16,841.7000122070312,859.0,831.5999755859375,839.0,73,False,False,1
2008-12-17,867.5,880.7999877929688,849.2999877929688,854.4000244140625,122,True,False,-1
2008-12-18,859.5999755859375,873.0,852.0,862.4000244140625,242,False,False,-1
2008-12-19,836.4000244140625,852.0999755859375,833.2999877929688,846.5999755859375,106,False,False,1
2008-12-22,846.2000122070312,851.0,844.0,848.5,235,False,False,1
2008-12-23,837.2000122070312,848.0,835.0,848.0,176,False,False,1
2008-12-24,847.0999755859375,848.9000244140625,838.5,838.9000244140625,19,False,False,1
2008-12-26,870.4000244140625,872.4000244140625,845.7999877929688,847.0,88,False,False,-1
2008-12-29,874.5999755859375,882.9000244140625,875.0,882.9000244140625,426,False,False,-1
2008-12-30,869.2999877929688,878.0999755859375,866.5,878.0999755859375,139,False,False,-1
2008-12-31,883.5999755859375,883.5999755859375,858.4000244140625,860.0,35,True,False,-1
2009-01-02,878.7999877929688,881.5,868.9000244140625,881.5,46,False,False,-1
2009-01-05,857.2000122070312,883.5,847.0,882.0,35,False,False,-1
2009-01-06,865.4000244140625,867.5999755859375,840.0,855.0999755859375,113,False,False,-1
2009-01-07,841.0999755859375,867.0,837.7000122070312,862.0,101,False,False,1
2009-01-08,853.9000244140625,861.0,837.9000244140625,837.9000244140625,255,False,False,-1
2009-01-09,854.2999877929688,862.0999755859375,855.9000244140625,855.9000244140625,123,False,False,-1
2009-01-12,820.2999877929688,844.4000244140625,815.4000244140625,844.4000244140625,72,False,False,1
2009-01-13,820.0999755859375,825.5999755859375,815.7000122070312,825.5999755859375,20,False,False,1
2009-01-14,808.2000122070312,827.0999755859375,814.0,825.9000244140625,5,False,False,1
2009-01-15,806.7000122070312,808.7999877929688,805.5999755859375,805.5999755859375,16,False,True,1
2009-01-16,839.2999877929688,842.5,834.0,834.0,64,False,False,1
2009-01-20,854.5999755859375,862.7000122070312,824.0,838.7000122070312,20,False,False,1
2009-01-21,849.5999755859375,852.5999755859375,843.7999877929688,850.5,37,False,False,1
2009-01-22,858.2000122070312,860.9000244140625,846.2000122070312,856.7999877929688,57,False,False,1
2009-01-23,895.2999877929688,899.0999755859375,875.0,875.0,52,False,False,-1
2009-01-26,908.5,911.5999755859376,901.2000122070312,907.2999877929688,18,False,False,-1
2009-01-27,899.2000122070312,903.0,895.2000122070312,902.7999877929688,48,False,False,-1
2009-01-28,888.0999755859375,894.5999755859375,883.7000122070312,886.0999755859375,137271,False,False,1
2009-01-29,905.0999755859376,909.7000122070312,874.2000122070312,888.0999755859375,66607,False,False,1
2009-01-30,927.2999877929688,930.2999877929688,902.0,909.7999877929688,10460,True,False,-1
2009-02-02,906.7000122070312,928.7999877929688,902.2000122070312,924.2999877929688,3220,False,False,1
2009-02-03,892.0,913.2999877929688,889.7999877929688,903.2000122070312,1451,False,False,1
2009-02-04,901.5999755859376,909.2000122070312,897.0,900.0999755859375,465,False,False,1
2009-02-05,913.5999755859376,924.4000244140624,904.4000244140624,906.2999877929688,770,False,False,-1
2009-02-06,913.9000244140624,918.5,909.5,914.5,334,False,False,-1
2009-02-09,892.4000244140625,911.0,891.7999877929688,910.0,984,False,False,1
2009-02-10,913.7000122070312,917.5,892.0,898.0,252,False,False,1
2009-02-11,943.7999877929688,947.2000122070312,912.2000122070312,913.7000122070312,892,False,False,1
2009-02-12,948.5,952.7999877929688,936.4000244140624,938.7999877929688,335,False,False,1
2009-02-13,941.5,947.2999877929688,934.2000122070312,947.2999877929688,137,False,False,1
2009-02-17,967.0,973.7999877929688,937.2999877929688,939.5,1639,False,False,1
2009-02-18,977.7000122070312,988.0,962.2000122070312,968.4000244140624,422,False,False,1
2009-02-19,976.0999755859376,986.2000122070312,972.0,982.7000122070312,202,False,False,1
2009-02-20,1001.7999877929688,1004.9000244140624,971.5999755859376,974.0,219,True,False,-1
2009-02-23,994.5999755859376,996.5,980.0,995.5999755859376,215,False,False,-1
2009-02-24,969.0999755859376,991.5999755859376,963.2000122070312,988.0,243,False,False,-1
2009-02-25,965.7000122070312,977.5,953.0999755859376,963.2999877929688,1019,False,False,-1
2009-02-26,941.7999877929688,956.0,933.0,953.0,687,False,False,1
2009-02-27,941.5,963.2000122070312,928.0999755859376,943.4000244140624,730,False,False,1
2009-03-02,939.0,963.2000122070312,924.5,945.0,474,False,False,-1
2009-03-03,912.9000244140624,931.7999877929688,906.4000244140624,927.0,362,False,False,1
2009-03-04,906.0,923.2000122070312,900.0999755859375,914.9000244140624,155,False,False,1
2009-03-05,927.0,932.5999755859376,908.9000244140624,912.0,141,False,False,-1
2009-03-06,942.0999755859376,944.5,931.7999877929688,933.5,308,False,False,-1
2009-03-09,917.7000122070312,940.5,914.5,940.5,838,False,False,-1
2009-03-10,895.5999755859375,921.7999877929688,892.0999755859375,921.5999755859376,120,False,True,1
2009-03-11,910.4000244140624,912.4000244140624,894.0999755859375,894.7000122070312,221,False,False,1
2009-03-12,923.7000122070312,927.5,908.0,909.2000122070312,118,False,False,1
2009-03-13,929.7999877929688,937.0,924.4000244140624,924.4000244140624,69,False,False,-1
2009-03-16,921.5999755859376,929.5999755859376,916.7000122070312,926.4000244140624,139,False,False,1
2009-03-17,916.4000244140624,924.4000244140624,912.4000244140624,923.2000122070312,48,False,False,1
2009-03-18,888.7000122070312,944.0,885.0,915.4000244140624,120,False,True,1
2009-03-19,958.2999877929688,960.7999877929688,933.7999877929688,938.0,360,True,False,-1
2009-03-20,955.7999877929688,960.5999755859376,954.0,960.5999755859376,23,False,False,-1
2009-03-23,952.0999755859376,952.5999755859376,937.9000244140624,950.7000122070312,30,False,False,-1
2009-03-24,923.2999877929688,923.2999877929688,923.2999877929688,923.2999877929688,1494,False,False,1
2009-03-25,935.4000244140624,936.5,920.7999877929688,921.2000122070312,97,False,False,-1
2009-03-26,939.5999755859376,943.0,937.5999755859376,939.5999755859376,66,False,False,-1
2009-03-27,923.0,923.0,923.0,923.0,106869,False,False,-1
2009-03-30,915.5,932.5,908.5999755859376,924.5999755859376,58837,False,False,-1
2009-03-31,922.5999755859376,924.5,911.5999755859376,918.0,7403,False,False,-1
2009-04-01,926.0999755859376,932.5,916.9000244140624,918.5999755859376,3659,False,False,-1
2009-04-02,907.4000244140624,930.2999877929688,894.9000244140625,926.9000244140624,3389,False,False,-1
2009-04-03,895.5999755859375,910.2999877929688,891.2999877929688,904.5999755859376,1616,False,False,-1
2009-04-06,871.5,895.0,865.0999755859375,895.0,1078,False,True,1
2009-04-07,882.2000122070312,884.7000122070312,872.2000122070312,872.2000122070312,395,False,False,1
2009-04-08,884.7999877929688,889.0999755859375,879.0,884.0,119,False,False,-1
2009-04-09,882.2000122070312,886.0999755859375,874.7000122070312,882.4000244140625,360,False,False,1
2009-04-13,894.7000122070312,899.4000244140625,882.5,882.5,418,False,False,-1
2009-04-14,890.9000244140625,897.7999877929688,887.4000244140625,896.0999755859375,362,False,False,-1
2009-04-15,892.7999877929688,895.2999877929688,888.9000244140625,890.0,665,False,False,-1
2009-04-16,879.2999877929688,893.4000244140625,872.7999877929688,890.9000244140625,632,False,False,1
2009-04-17,867.4000244140625,875.7000122070312,865.0,874.0,212,False,True,1
2009-04-20,887.0,889.0,866.0999755859375,868.7999877929688,655,False,False,1
2009-04-21,882.0999755859375,895.0999755859375,880.7000122070312,886.9000244140625,230,False,False,1
2009-04-22,891.7999877929688,893.0,883.0,883.0999755859375,330,False,False,1
2009-04-23,905.9000244140624,909.0,892.5999755859375,893.5999755859375,234,False,False,-1
2009-04-24,913.5999755859376,913.5999755859376,906.7000122070312,911.2000122070312,438,False,False,-1
2009-04-27,907.4000244140624,918.0,906.2999877929688,918.0,1179,True,False,-1
2009-04-28,892.7999877929688,899.7000122070312,890.0999755859375,899.7000122070312,308,False,False,1
2009-04-29,899.7999877929688,902.5,887.7999877929688,890.0999755859375,809,False,False,-1
2009-04-30,890.7000122070312,898.9000244140625,881.2999877929688,898.2000122070312,212,False,True,1
2009-05-01,887.5999755859375,889.2000122070312,881.5,884.0,506,False,False,1
2009-05-04,901.5999755859376,907.5,885.7999877929688,885.7999877929688,83,False,False,1
2009-05-05,903.7000122070312,912.2999877929688,902.0,903.5,69,False,False,1
2009-05-06,910.5,911.0999755859376,901.2999877929688,901.2999877929688,30,False,False,1
2009-05-07,915.0,924.0,910.4000244140624,922.4000244140624,64,False,False,1
2009-05-08,914.4000244140624,915.2999877929688,910.0999755859376,910.0999755859376,156,False,False,1
2009-05-11,913.0,914.4000244140624,913.0999755859376,913.0999755859376,2,False,False,1
2009-05-12,923.5,923.5,916.0999755859376,918.5,24,False,False,1
2009-05-13,925.5,929.7000122070312,921.2000122070312,922.0,71,False,False,1
2009-05-14,928.0,922.5999755859376,922.5999755859376,922.5999755859376,1,False,False,1
2009-05-15,930.9000244140624,931.5999755859376,925.2000122070312,925.2000122070312,45,False,False,1
2009-05-18,921.2999877929688,932.9000244140624,918.7000122070312,929.5999755859376,71,False,False,1
2009-05-19,926.2999877929688,926.2999877929688,926.2999877929688,926.2999877929688,71,False,False,1
2009-05-20,937.0,940.5,931.0,933.0,67,False,False,1
2009-05-21,950.7999877929688,943.9000244140624,937.4000244140624,939.0999755859376,71,False,False,1
2009-05-22,958.5,958.7000122070312,956.9000244140624,956.9000244140624,12,False,False,1
2009-05-26,953.0999755859376,953.5,944.0,953.0,20,False,False,1
2009-05-27,953.2000122070312,956.0,947.2000122070312,947.2000122070312,151332,False,False,1
2009-05-28,961.5,964.9000244140624,944.0,948.5999755859376,74257,False,False,1
2009-05-29,978.7999877929688,980.4000244140624,959.0,959.2000122070312,7607,False,False,-1
2009-06-01,978.5999755859376,988.0999755859376,973.0,978.7999877929688,2883,False,False,-1
2009-06-02,983.2000122070312,986.5,969.7999877929688,974.7000122070312,2345,False,False,-1
2009-06-03,964.5,990.2999877929688,961.0,981.7000122070312,1187,True,False,-1
2009-06-04,981.2000122070312,982.0,960.9000244140624,963.5999755859376,600,False,False,-1
2009-06-05,961.7000122070312,983.0,954.0,981.4000244140624,714,False,False,-1
2009-06-08,951.7000122070312,960.0999755859376,944.4000244140624,958.0,580,False,False,-1
2009-06-09,954.0,963.7000122070312,948.4000244140624,953.5,684,False,False,-1
2009-06-10,954.0,966.0,949.2000122070312,956.0,698,False,False,-1
2009-06-11,961.2999877929688,961.9000244140624,943.0999755859376,954.2999877929688,583,False,False,-1
2009-06-12,940.0999755859376,956.5,935.7999877929688,955.9000244140624,166,False,False,-1
2009-06-15,926.9000244140624,938.5,926.9000244140624,938.5,258,False,False,1
2009-06-16,931.5999755859376,938.5999755859376,930.9000244140624,930.9000244140624,149,False,False,-1
2009-06-17,935.4000244140624,937.7999877929688,930.4000244140624,931.5,29,False,False,-1
2009-06-18,934.0,942.0,931.0,942.0,91,False,False,-1
2009-06-19,935.5999755859376,936.5,932.0,932.0,73,False,False,-1
2009-06-22,920.5999755859376,926.2000122070312,919.0,925.0,134,False,False,1
2009-06-23,923.9000244140624,926.5,917.2999877929688,921.9000244140624,181,False,True,1
2009-06-24,934.0999755859376,942.7000122070312,922.9000244140624,925.4000244140624,588,False,False,-1
2009-06-25,939.0999755859376,939.0999755859376,932.2999877929688,932.2999877929688,72,False,False,-1
2009-06-26,940.7000122070312,946.0,939.5999755859376,945.2999877929688,185,True,False,-1
2009-06-29,940.4000244140624,942.5,934.7999877929688,940.2000122070312,445,False,False,-1
2009-06-30,927.0999755859376,943.9000244140624,925.2999877929688,941.4000244140624,128,False,False,-1
2009-07-01,941.0,944.2000122070312,928.0,929.2999877929688,88,False,False,-1
2009-07-02,930.7000122070312,941.5,926.5999755859376,941.4000244140624,67,False,False,-1
2009-07-06,924.0,933.5,920.2000122070312,933.5,108,False,False,1
2009-07-07,928.7999877929688,931.7000122070312,921.2000122070312,924.2000122070312,57,False,False,-1
2009-07-08,909.0,919.5999755859376,905.5999755859376,919.5999755859376,41,False,True,1
2009-07-09,915.9000244140624,917.4000244140624,907.2000122070312,907.2000122070312,74,False,False,1
2009-07-10,912.2000122070312,913.5,908.5,910.7000122070312,40,False,False,1
2009-07-13,922.2000122070312,922.2000122070312,908.4000244140624,911.5,30,False,False,1
2009-07-14,922.5,926.2000122070312,920.2000122070312,920.2000122070312,64,False,False,1
2009-07-15,939.0999755859376,941.0,928.2999877929688,928.9000244140624,67,False,False,1
2009-07-16,935.0999755859376,938.4000244140624,934.7999877929688,938.4000244140624,63,False,False,1
2009-07-17,937.2000122070312,937.7999877929688,931.7999877929688,936.9000244140624,34,False,False,1
2009-07-20,948.5,954.5,950.9000244140624,954.0999755859376,5,False,False,-1
2009-07-21,946.5999755859376,948.5999755859376,945.7999877929688,948.5999755859376,15,False,False,-1
2009-07-22,953.0,953.0,946.4000244140624,949.2000122070312,71,False,False,-1
2009-07-23,954.5,954.2000122070312,949.7999877929688,954.2000122070312,47,False,False,-1
2009-07-24,952.7999877929688,952.7999877929688,950.2999877929688,950.2999877929688,77,False,False,-1
2009-07-27,953.2999877929688,957.0999755859376,953.2999877929688,955.0999755859376,5,False,False,-1
2009-07-28,939.0,949.5,937.5,949.5,10,False,False,1
2009-07-29,927.2000122070312,927.2000122070312,927.2000122070312,927.2000122070312,129090,False,True,1
2009-07-30,934.9000244140624,937.0,928.4000244140624,929.2000122070312,36620,False,False,1
2009-07-31,953.7000122070312,958.0999755859376,932.0,934.4000244140624,10747,False,False,-1
2009-08-03,956.5999755859376,964.0,952.4000244140624,952.5999755859376,2602,False,False,-1
2009-08-04,967.5,969.5,950.7999877929688,956.5999755859376,565,False,False,-1
2009-08-05,964.2000122070312,968.0999755859376,959.7999877929688,967.5999755859376,742,False,False,-1
2009-08-06,960.7000122070312,971.0999755859376,956.5,964.0999755859376,543,True,False,0
2009-08-07,957.2999877929688,964.2999877929688,954.5999755859376,964.2999877929688,641,False,False,0
2009-08-10,945.0,956.0999755859376,943.5,955.0,395,False,False,0
2009-08-11,945.7999877929688,949.7000122070312,943.0999755859376,947.2000122070312,106,False,False,0
2009-08-12,950.7000122070312,951.5,943.0,947.5,102,False,False,0
2009-08-13,954.7000122070312,960.0999755859376,952.2999877929688,952.5999755859376,104,False,False,0
2009-08-14,947.0,957.4000244140624,942.0999755859376,957.4000244140624,141,False,False,0
2009-08-17,934.2999877929688,947.4000244140624,931.5,947.4000244140624,128,False,True,0
2009-08-18,937.7000122070312,938.5999755859376,935.5,938.5999755859376,276,False,False,0
2009-08-19,943.2999877929688,944.9000244140624,933.4000244140624,941.7999877929688,194,False,False,0
2009-08-20,940.2999877929688,945.7000122070312,940.0999755859376,942.9000244140624,35,False,False,0
2009-08-21,953.2000122070312,957.5999755859376,952.5999755859376,957.0,53,False,False,0
2009-08-24,942.2999877929688,957.0,941.2999877929688,953.5,198,False,False,0
2009-08-25,944.5,954.5,943.5,946.2999877929688,143,False,False,0
2009-08-26,944.2999877929688,948.2000122070312,940.2999877929688,947.5,128,False,False,0
2009-08-27,945.5,949.4000244140624,942.9000244140624,944.2000122070312,193,False,False,0
2009-08-28,957.0,962.2000122070312,948.0999755859376,949.2999877929688,182,False,False,0
2009-08-31,951.7000122070312,959.5,944.7999877929688,959.5,21,False,False,0
2009-09-01,954.7000122070312,956.5,948.7000122070312,954.2000122070312,17,False,False,0
2009-09-02,976.5999755859376,978.7999877929688,954.0,954.0,65,False,False,0
