True_Label,Pred_Label,Prob_Bearish,Prob_Neutral,Prob_Bullish
-1,-1,0.484547421336174,0.13094611233100295,0.3845065012574196
-1,-1,0.48463038355112076,0.12069648457691073,0.394673116505146
-1,-1,0.4898745194077492,0.114891397068277,0.3952340632677078
1,-1,0.4903426617383957,0.11014785151928663,0.3995094746351242
1,-1,0.4838113933801651,0.11437664879485965,0.40181201696395874
1,-1,0.46853799372911453,0.12231532437726855,0.4091467186808586
1,-1,0.4677340164780617,0.12353115202859044,0.4087348058819771
1,-1,0.46477029472589493,0.10926856589503586,0.42596109956502914
-1,-1,0.47918907552957535,0.09563702438026667,0.42517392337322235
-1,-1,0.49271730333566666,0.09885294595733285,0.40842975676059723
1,-1,0.49259911477565765,0.10556035302579403,0.401840515434742
1,-1,0.47249337285757065,0.1331162336282432,0.39439036697149277
1,-1,0.48399390280246735,0.11614237353205681,0.39986369013786316
1,-1,0.5077079311013222,0.10541107598692179,0.3868810161948204
-1,-1,0.532304435968399,0.09521783469244838,0.372477725148201
1,-1,0.5405517071485519,0.09281416609883308,0.36663413792848587
1,-1,0.5497104525566101,0.08726629707962275,0.3630232661962509
1,-1,0.553401030600071,0.07968160230666399,0.36691733449697495
1,-1,0.5484622940421104,0.07678244356065989,0.37475525587797165
-1,-1,0.5443956851959229,0.07715463731437922,0.3784496635198593
1,-1,0.5333209931850433,0.08358380477875471,0.3830951750278473
-1,-1,0.5528411790728569,0.07893285527825356,0.36822595447301865
-1,-1,0.5649907514452934,0.0773721681907773,0.35763709247112274
-1,-1,0.5867093652486801,0.06683680322021246,0.34645383059978485
-1,-1,0.5896362215280533,0.06517735309898853,0.3451864570379257
-1,-1,0.5904129445552826,0.06625695805996656,0.3433300703763962
-1,-1,0.5850237160921097,0.07324271742254496,0.3417335972189903
-1,-1,0.5905956476926804,0.06947527499869466,0.33992907404899597
1,-1,0.5876142978668213,0.06907298183068633,0.34331273287534714
1,-1,0.5817006006836891,0.07136044884100556,0.34693895280361176
-1,-1,0.5769451260566711,0.0726886224001646,0.3503662049770355
-1,-1,0.5801574811339378,0.07053945725783706,0.34930308163166046
1,-1,0.5730473473668098,0.07892932463437319,0.34802330285310745
1,-1,0.5664378553628922,0.07407840481027961,0.3594838008284569
-1,-1,0.5672611519694328,0.06862821150571108,0.36411066353321075
-1,-1,0.5773240476846695,0.06297262664884329,0.3597033619880676
-1,-1,0.5772719383239746,0.06115724332630634,0.361570842564106
-1,-1,0.574397124350071,0.052479547914117575,0.37312331050634384
-1,-1,0.5725602358579636,0.052391777047887444,0.3750479817390442
1,-1,0.5679146274924278,0.05409336253069341,0.37799201905727386
1,-1,0.5600520148873329,0.05168921942822635,0.3882587254047394
-1,-1,0.5630686357617378,0.04815289564430714,0.3887784034013748
1,-1,0.5650760307908058,0.046818960923701525,0.38810501992702484
-1,-1,0.5616239681839943,0.04739181278273463,0.3909841999411583
-1,-1,0.5615086704492569,0.04795169155113399,0.39053964614868164
-1,-1,0.5603819862008095,0.046645010355859995,0.3929729759693146
-1,-1,0.569356806576252,0.04600074281916022,0.38464247435331345
-1,-1,0.5685648396611214,0.04533989354968071,0.3860952779650688
1,-1,0.5727891996502876,0.04483596654608846,0.3823748677968979
1,-1,0.569204606115818,0.045486740535125136,0.3853086531162262
-1,-1,0.5772468894720078,0.043230698676779866,0.3795224130153656
-1,-1,0.5789106711745262,0.03194377035833895,0.38914552330970764
1,-1,0.5705734938383102,0.031493480084463954,0.3979330211877823
1,-1,0.5726936385035515,0.031127153197303414,0.3961792066693306
-1,-1,0.5710483565926552,0.03107716841623187,0.3978744298219681
-1,-1,0.5667692795395851,0.028718165820464492,0.40451254695653915
1,-1,0.5532009303569794,0.027071518125012517,0.41972753405570984
-1,-1,0.5530038550496101,0.02771688369102776,0.4192792624235153
-1,-1,0.5645603537559509,0.027243327582255006,0.4081963300704956
1,-1,0.5600794479250908,0.02621155825909227,0.41370902955532074
-1,-1,0.5516493916511536,0.026210101321339607,0.4221404865384102
-1,-1,0.5490418970584869,0.02650132670532912,0.42445674538612366
1,-1,0.5323063433170319,0.02604532876284793,0.44164835661649704
1,-1,0.5272336453199387,0.02589196927146986,0.44687434285879135
1,-1,0.5047364756464958,0.02568315132521093,0.46958036720752716
1,1,0.47300491482019424,0.026897164119873196,0.5000979080796242
1,1,0.4543658345937729,0.026352683315053582,0.5192815065383911
-1,1,0.45665033906698227,0.023286950774490833,0.5200627371668816
1,1,0.446530282497406,0.023007925832644105,0.5304617658257484
1,1,0.4455101937055588,0.024523063097149134,0.5299666970968246
1,1,0.44657938927412033,0.023346734349615872,0.5300738587975502
-1,1,0.43763890862464905,0.022903579054400325,0.5394575148820877
-1,1,0.43193433061242104,0.0191385563230142,0.5489271059632301
1,1,0.40042445063591003,0.01746043743332848,0.5821151211857796
-1,1,0.40988773852586746,0.018573150737211108,0.5715391412377357
-1,1,0.4126043953001499,0.01785834098700434,0.5695372968912125
1,1,0.40068140253424644,0.019178379705408588,0.5801402628421783
1,1,0.3984343856573105,0.021173332730541006,0.5803922712802887
1,1,0.39035286381840706,0.017810384917538613,0.5918368026614189
1,1,0.37892113626003265,0.01630501775071025,0.6047738492488861
1,1,0.38827818259596825,0.014654444938059896,0.597067341208458
1,1,0.39631273970007896,0.012258545582881197,0.5914287343621254
-1,1,0.41733095794916153,0.014637157612014562,0.5680318772792816
-1,1,0.4352389723062515,0.016691361204721034,0.5480696707963943
1,1,0.4380466192960739,0.012877838918939233,0.5490755811333656
1,1,0.444373294711113,0.012619580840691924,0.5430071651935577
-1,1,0.4585092291235924,0.009685256751254201,0.5318055227398872
-1,1,0.45085179805755615,0.008548630255972967,0.5405995771288872
1,1,0.4636303782463074,0.008216061076382175,0.5281535685062408
-1,1,0.47021695226430893,0.00806879485026002,0.5217142626643181
-1,1,0.45531823486089706,0.008052750956267118,0.5366290137171745
-1,1,0.46253801882267,0.007861716789193451,0.5296002626419067
-1,1,0.4518899507820606,0.007771673845127225,0.5403383299708366
-1,1,0.44099508225917816,0.007101588562363759,0.5519033223390579
1,1,0.45429525524377823,0.0074466408987063915,0.5382581129670143
1,1,0.4549385719001293,0.008133548457408324,0.536927841603756
1,1,0.4291135407984257,0.009199082618579268,0.5616873949766159
1,1,0.4292576052248478,0.010024613613495603,0.5607177466154099
-1,1,0.41436178237199783,0.009706890414236113,0.5759312957525253
-1,1,0.4302709922194481,0.009763622772879899,0.5599654316902161
1,1,0.4376927316188812,0.01022390995058231,0.5520833358168602
1,1,0.438176766037941,0.01114681555191055,0.5506764054298401
-1,1,0.4503672569990158,0.013634657312650234,0.5359980687499046
1,1,0.4624140150845051,0.012692285177763551,0.5248937383294106
1,1,0.4487663321197033,0.011262558866292238,0.539971113204956
-1,1,0.45212413743138313,0.010615837440127507,0.537260040640831
1,1,0.47008174657821655,0.00972454433212988,0.5201937183737755
-1,1,0.4790649712085724,0.009310516325058416,0.5116244852542877
-1,1,0.47310057282447815,0.010710607952205464,0.5161888301372528
-1,1,0.49538803845643997,0.009184234804706648,0.4954277276992798
1,-1,0.5058838203549385,0.009164827730273828,0.48495136201381683
-1,-1,0.5073020607233047,0.011722697381628677,0.4809752255678177
-1,-1,0.5250526368618011,0.010352178593166173,0.46459516882896423
1,-1,0.5280912443995476,0.00945614351076074,0.46245263516902924
-1,-1,0.5229052007198334,0.00699511609855108,0.47009962797164917
1,-1,0.5275264531373978,0.006401275633834302,0.4660722613334656
1,-1,0.511449046432972,0.006956546247238293,0.481594443321228
1,-1,0.5125241205096245,0.005722556234104559,0.48175332695245743
1,1,0.492585152387619,0.006286422969424166,0.5011283829808235
1,1,0.4657429978251457,0.007866874861065298,0.5263901650905609
1,1,0.45311976224184036,0.0074335850367788225,0.5394466742873192
1,1,0.4349449723958969,0.008147549640852958,0.5569074526429176
-1,1,0.4257785826921463,0.008093461743555963,0.5661279708147049
-1,1,0.4260825887322426,0.007414991647237912,0.5665024071931839
-1,1,0.4081559106707573,0.007319350610487163,0.5845247581601143
-1,1,0.4098283052444458,0.006414997769752517,0.5837566927075386
-1,1,0.43360913544893265,0.004916427715215832,0.5614744275808334
-1,1,0.43346352130174637,0.00708054075948894,0.5594559237360954
-1,1,0.4285917803645134,0.006920848361914977,0.5644873753190041
-1,1,0.45032940804958344,0.005690392281394452,0.5439802035689354
-1,1,0.450594924390316,0.0065263025753665715,0.5428787469863892
-1,1,0.4600779041647911,0.005756308673880994,0.5341657772660255
-1,1,0.44682763516902924,0.007911495980806649,0.54526087641716
1,1,0.4487154930830002,0.00918414696934633,0.5421003922820091
-1,1,0.4666891396045685,0.008355513156857342,0.5249553099274635
-1,1,0.48643143475055695,0.008759694523178041,0.5048088505864143
1,1,0.4863588213920593,0.00809452160319779,0.5055465921759605
1,-1,0.5179032236337662,0.0054716136219212785,0.47662512212991714
1,-1,0.520824633538723,0.005533698305953294,0.47364169359207153
-1,1,0.49483630061149597,0.005216303106863052,0.49994736164808273
-1,-1,0.5073211044073105,0.004799896240001544,0.4878789782524109
1,-1,0.5003006085753441,0.005328101455233991,0.49437127262353897
1,-1,0.4982547163963318,0.005868329491931945,0.4958769306540489
-1,1,0.48910244554281235,0.007020887307589874,0.5038766339421272
1,1,0.488116055727005,0.007488212999305688,0.5043957456946373
1,-1,0.50224868953228,0.005598347008344717,0.49215294420719147
-1,1,0.4961675703525543,0.0060318354808259755,0.4978006109595299
0,-1,0.5002543851733208,0.005463302673888393,0.4942823052406311
0,-1,0.5260873138904572,0.004987212145351805,0.46892546117305756
0,-1,0.5427214205265045,0.004142384379520081,0.4531361907720566
0,-1,0.5325203388929367,0.005127307806105819,0.46235230565071106
0,-1,0.5371969640254974,0.005761281114246231,0.4570417180657387
0,-1,0.5472158491611481,0.0048616507920087315,0.4479224979877472
0,-1,0.5304446369409561,0.00582404467422748,0.4637312591075897
0,-1,0.5329276919364929,0.006750783883035183,0.4603215232491493
0,-1,0.5467774197459221,0.005082350613520248,0.4481402486562729
0,-1,0.5447056889533997,0.004381645157991443,0.4509126618504524
0,-1,0.5263878703117371,0.004444051570317242,0.469168096780777
0,-1,0.5174885839223862,0.004474154351555626,0.4780372455716133
0,-1,0.5064621642231941,0.004697624433902092,0.4888402223587036
0,1,0.48992136865854263,0.004962112854627776,0.5051165223121643
0,-1,0.5015069097280502,0.004537826202067663,0.49395522475242615
0,-1,0.5135464295744896,0.00454447995434748,0.4819090887904167
0,-1,0.5130613073706627,0.004816777793166693,0.48212190717458725
0,1,0.49186135083436966,0.0056412958656437695,0.5024973675608635
0,1,0.47781702876091003,0.0054814036848256364,0.5167015418410301
0,1,0.4690399616956711,0.005775261488452088,0.5251847952604294
1,0,0.23523740842938423,0.5145623460412025,0.2502002418041229
-1,0,0.21433963999152184,0.5642347559332848,0.22142555564641953
-1,0,0.21044676005840302,0.5781289413571358,0.211424320936203
-1,0,0.20915530622005463,0.5744376182556152,0.21640707924962044
-1,0,0.18261192552745342,0.6207878589630127,0.19660022296011448
-1,0,0.17006683722138405,0.6432017236948013,0.18673145398497581
-1,0,0.16680575907230377,0.6571872234344482,0.1760070063173771
-1,0,0.18401536345481873,0.6345506832003593,0.18143394216895103
-1,0,0.17160306498408318,0.6456732749938965,0.18272364139556885
-1,0,0.16146687604486942,0.6589919626712799,0.17954116500914097
-1,0,0.15565051417797804,0.6704671159386635,0.1738823801279068
-1,0,0.13697888422757387,0.698180302977562,0.1648408118635416
-1,0,0.12080450914800167,0.7271159887313843,0.1520794415846467
-1,0,0.15750916860997677,0.6531557440757751,0.18933508172631264
-1,0,0.17102012783288956,0.6073414459824562,0.22163840010762215
-1,0,0.17704660817980766,0.597476176917553,0.225477185100317
0,0,0.17549577914178371,0.6040743365883827,0.22042990289628506
0,0,0.17694734781980515,0.5860962942242622,0.23695634305477142
0,0,0.17147047631442547,0.5947324261069298,0.2337970845401287
-1,0,0.1609458141028881,0.61133873462677,0.2277154065668583
-1,0,0.1653440184891224,0.6008640825748444,0.23379190638661385
-1,0,0.16841762699186802,0.5885331332683563,0.2430492378771305
0,0,0.1881078165024519,0.5643229261040688,0.2475692667067051
-1,0,0.1694289967417717,0.5862666219472885,0.24430431053042412
-1,0,0.1923412512987852,0.5500061064958572,0.2576526366174221
-1,0,0.19703471660614014,0.5401534661650658,0.2628117986023426
0,0,0.20561716333031654,0.5077009797096252,0.2866818644106388
0,0,0.24526171386241913,0.4382209852337837,0.31651732698082924
0,0,0.24286268278956413,0.4208032786846161,0.33633406087756157
0,0,0.26020437851548195,0.4017038270831108,0.33809176087379456
0,0,0.2775900699198246,0.3890553340315819,0.3333546333014965
0,0,0.294661745429039,0.3667488321661949,0.3385894224047661
-1,0,0.2771850638091564,0.3804958760738373,0.342319056391716
-1,0,0.261422511190176,0.3940112963318825,0.3445662520825863
-1,1,0.2891843840479851,0.3481774479150772,0.362638171762228
-1,1,0.25942444801330566,0.366502545773983,0.3740730360150337
-1,0,0.24200449511408806,0.4428812563419342,0.31511422991752625
-1,0,0.2567680776119232,0.44887297227978706,0.2943589426577091
-1,0,0.2804649658501148,0.4374356660991907,0.2820993401110172
-1,0,0.2645857073366642,0.4611932262778282,0.2742210850119591
-1,0,0.2596455439925194,0.453180942684412,0.2871735244989395
-1,0,0.24581658095121384,0.4382947236299515,0.3158886842429638
-1,0,0.27754880860447884,0.4007936120033264,0.32165756821632385
-1,0,0.29524074867367744,0.38144993782043457,0.3233092948794365
-1,0,0.31201593205332756,0.3883695490658283,0.2996145151555538
-1,0,0.3421403467655182,0.34857721254229546,0.30928246304392815
-1,0,0.31051180139184,0.37180958315730095,0.31767863780260086
-1,0,0.33062414079904556,0.3510166183114052,0.31835922598838806
-1,0,0.2821364626288414,0.40315522998571396,0.31470827013254166
-1,0,0.2906356640160084,0.37362343445420265,0.33574093133211136
-1,0,0.2789982631802559,0.3900253251194954,0.3309763893485069
-1,0,0.2584397494792938,0.42478225380182266,0.3167779743671417
-1,0,0.2526841126382351,0.42857468128204346,0.31874119862914085
-1,1,0.27331921830773354,0.35884061455726624,0.36784016340970993
-1,1,0.2924319617450237,0.307437963783741,0.4001300483942032
-1,1,0.29883892834186554,0.316172756254673,0.38498830795288086
-1,1,0.32372309267520905,0.26576628535985947,0.4105105623602867
-1,1,0.33077898621559143,0.2652695067226887,0.4039515554904938
-1,1,0.3329966440796852,0.26360123977065086,0.4034021645784378
-1,1,0.3527396433055401,0.23791336454451084,0.4093469902873039
-1,1,0.34106190875172615,0.22292461805045605,0.43601348251104355
0,1,0.3383142128586769,0.22469719499349594,0.43698859214782715
0,1,0.3442733623087406,0.21898988261818886,0.43673673272132874
0,1,0.35570697858929634,0.20845356211066246,0.4358394518494606
0,1,0.37267111241817474,0.20453381538391113,0.4227950796484947
0,1,0.39537155628204346,0.17227225750684738,0.4323562681674957
0,1,0.39683832228183746,0.14494740404188633,0.45821426808834076
0,1,0.4349077120423317,0.11183344945311546,0.45325881242752075
0,1,0.44736023992300034,0.0857099387794733,0.4669297933578491
0,1,0.4590105563402176,0.07525856886059046,0.46573083102703094
0,1,0.45899998396635056,0.055445498786866665,0.4855544790625572
0,1,0.47562672197818756,0.04697649599984288,0.47739675641059875
0,1,0.4764404371380806,0.03669577813707292,0.48686375468969345
0,-1,0.4960813894867897,0.03318878822028637,0.4707298129796982
0,-1,0.4966330975294113,0.031999347265809774,0.4713675230741501
0,-1,0.4884958043694496,0.03826784901320934,0.4732363447546959
0,-1,0.4970957338809967,0.032979370560497046,0.4699249044060707
0,1,0.4747946187853813,0.028541710693389177,0.4966636151075363
0,-1,0.5133671760559082,0.025554440799169242,0.46107837557792664
0,1,0.4823561832308769,0.02433622837997973,0.49330760538578033
0,-1,0.4964915066957474,0.02190888172481209,0.4815996065735817
1,1,0.4125012159347534,0.15471474826335907,0.43278399109840393
1,1,0.41279076039791107,0.16633925214409828,0.42086993157863617
1,1,0.4092083126306534,0.1668573683127761,0.42393431812524796
1,1,0.41244523227214813,0.16734983772039413,0.42020493745803833
1,1,0.4098162353038788,0.1706872209906578,0.4194965735077858
-1,-1,0.4221692979335785,0.15755186043679714,0.420278824865818
-1,-1,0.42711012810468674,0.17852161079645157,0.3943682387471199
-1,-1,0.4423646330833435,0.1623581275343895,0.3952772170305252
-1,-1,0.42043961584568024,0.18281401135027409,0.39674631506204605
-1,-1,0.39055218547582626,0.22140835225582123,0.3880394473671913
-1,-1,0.3843124508857727,0.23257751390337944,0.38310999423265457
-1,-1,0.37425243854522705,0.25801920145750046,0.3677283376455307
-1,-1,0.36523328721523285,0.2707985509186983,0.3639681451022625
-1,-1,0.35702400654554367,0.29926880821585655,0.3437071479856968
-1,-1,0.3698228597640991,0.28607563488185406,0.3441014960408211
1,-1,0.3652184009552002,0.2766284979879856,0.3581531047821045
1,1,0.3652479946613312,0.26070402562618256,0.37404802069067955
1,1,0.3521191105246544,0.28743422217667103,0.3604467026889324
-1,-1,0.364352785050869,0.2845617104321718,0.35108548775315285
-1,-1,0.34820540994405746,0.30515473149716854,0.34663983434438705
-1,1,0.3399055637419224,0.3116524051874876,0.34844205528497696
-1,1,0.3332519233226776,0.3166384119540453,0.35010963678359985
-1,-1,0.33756711333990097,0.32837993279099464,0.3340529389679432
-1,0,0.33464428409934044,0.3365767989307642,0.3287789337337017
1,1,0.3374020531773567,0.2910460280254483,0.3715519458055496
1,1,0.354397501796484,0.24670913442969322,0.398893378674984
1,1,0.3774445652961731,0.2266665492206812,0.39588888734579086
1,1,0.3781389482319355,0.22603151015937328,0.39582955092191696
1,1,0.3822663426399231,0.21130316238850355,0.40643052011728287
1,1,0.39300306141376495,0.17975540086627007,0.4272415339946747
1,1,0.40107376873493195,0.16934428550302982,0.4295819029211998
1,1,0.379471592605114,0.17887498065829277,0.44165343791246414
1,1,0.3698199987411499,0.18638122361153364,0.4437987804412842
1,1,0.3632597252726555,0.20874059572815895,0.4279996454715729
1,1,0.36120321601629257,0.22417820431292057,0.4146186038851738
1,1,0.33839164301753044,0.2682667709887028,0.393341600894928
1,1,0.3332436867058277,0.264412559568882,0.402343787252903
1,1,0.33197513222694397,0.2563007175922394,0.41172418743371964
1,1,0.33064940199255943,0.2452833503484726,0.4240671917796135
1,1,0.35839229077100754,0.20173005759716034,0.4398776590824127
1,1,0.373526394367218,0.19265390001237392,0.4338197484612465
1,1,0.3740685060620308,0.17768203653395176,0.448249451816082
1,1,0.3798929527401924,0.1720930179581046,0.4480140283703804
1,1,0.37894095480442047,0.16163371689617634,0.45942529290914536
1,1,0.3790372461080551,0.15305486600846052,0.4679078683257103
1,1,0.3835875764489174,0.17078383639454842,0.4456286132335663
1,1,0.3920179456472397,0.166019881144166,0.44196217507123947
1,1,0.4095063880085945,0.1593857128173113,0.43110793828964233
1,-1,0.4064970761537552,0.1921468861401081,0.401356041431427
1,-1,0.4239457920193672,0.1755228042602539,0.4005313962697983
1,-1,0.40489380061626434,0.19497566856443882,0.4001305252313614
1,-1,0.4213273599743843,0.18317005783319473,0.39550256729125977
0,-1,0.4144441708922386,0.1923198662698269,0.3932359702885151
0,-1,0.399936705827713,0.21893305890262127,0.38113024085760117
0,-1,0.3946002945303917,0.23874617740511894,0.36665356904268265
0,-1,0.3966185078024864,0.23950323276221752,0.3638782240450382
0,-1,0.40601685643196106,0.2220055852085352,0.371977586299181
0,-1,0.4187399372458458,0.18957610055804253,0.3916839361190796
0,1,0.3980826288461685,0.19333168026059866,0.40858569368720055
0,1,0.4084818735718727,0.17724331561475992,0.41427479311823845
0,1,0.4051116555929184,0.16786630265414715,0.4270220287144184
0,1,0.3933088406920433,0.16440430097281933,0.4422868862748146
0,1,0.4047502540051937,0.14539219625294209,0.44985757768154144
0,1,0.3822237141430378,0.1659160116687417,0.4518602415919304
0,1,0.3696531839668751,0.19234612863510847,0.4380006268620491
0,1,0.38777219131588936,0.12594307772815228,0.4862847328186035
0,1,0.3847978711128235,0.11150919971987605,0.5036929473280907
0,1,0.3851599358022213,0.09824163932353258,0.5165984109044075
0,1,0.37849217280745506,0.08846156764775515,0.5330462828278542
0,1,0.380473330616951,0.0869284812361002,0.5325981751084328
0,1,0.37613556906580925,0.08779572835192084,0.5360686630010605
0,1,0.39145802706480026,0.08123851800337434,0.527303472161293
-1,-1,0.49547427147626877,0.09707648400217295,0.4074491932988167
1,-1,0.4953698143362999,0.09780755056999624,0.40682267397642136
-1,-1,0.48828231543302536,0.09910098882392049,0.41261667013168335
-1,-1,0.4740549251437187,0.10042477934621274,0.42552024126052856
-1,-1,0.4657532647252083,0.10897709312848747,0.42526964843273163
-1,-1,0.46842463314533234,0.10486653144471347,0.42670880258083344
1,-1,0.4642248675227165,0.0952408795710653,0.44053424894809723
-1,-1,0.4725947752594948,0.09795929922256619,0.42944595217704773
1,-1,0.48500531166791916,0.0909420361276716,0.4240526258945465
1,-1,0.4846177324652672,0.08414518414065242,0.4312370643019676
1,-1,0.4899360164999962,0.08273449295666069,0.4273294657468796
-1,-1,0.496449314057827,0.07805858983192593,0.4254921227693558
-1,-1,0.4938088431954384,0.0759155408013612,0.4302755892276764
1,-1,0.48759675770998,0.07950782054103911,0.43289539217948914
-1,-1,0.47722961008548737,0.08027094160206616,0.44249939918518066
1,-1,0.48847195506095886,0.08444320107810199,0.42708488553762436
1,-1,0.48674459755420685,0.09027390321716666,0.42298147827386856
1,-1,0.4904189854860306,0.08490985259413719,0.42467112094163895
1,-1,0.4938569962978363,0.0856698383577168,0.4204731732606888
-1,-1,0.5067534819245338,0.082292758859694,0.4109537675976753
-1,-1,0.5156704261898994,0.07926728343591094,0.4050623029470444
1,-1,0.5339213386178017,0.08255522325634956,0.38352344930171967
1,-1,0.5352615490555763,0.08290178328752518,0.3818366155028343
1,-1,0.5357582718133926,0.08129427302628756,0.3829474374651909
-1,-1,0.5420520082116127,0.07806848827749491,0.37987951934337616
-1,-1,0.534822590649128,0.07437387341633439,0.3908035531640053
-1,-1,0.5411031469702721,0.06818518787622452,0.3907116502523422
-1,-1,0.5604154020547867,0.06868541659787297,0.37089914083480835
-1,-1,0.5693734288215637,0.06412526150234044,0.3665012791752815
-1,-1,0.5769493877887726,0.04698699922300875,0.37606358528137207
-1,-1,0.5679700672626495,0.043896140763536096,0.38813384622335434
-1,-1,0.5767531245946884,0.040813590632751584,0.38243331015110016
-1,-1,0.5747900903224945,0.042162471916526556,0.383047454059124
1,-1,0.5782105028629303,0.042552670231088996,0.3792368173599243
1,-1,0.5869007110595703,0.036767459474503994,0.3763318285346031
1,-1,0.5804477483034134,0.032825600588694215,0.38672663271427155
-1,-1,0.5837767124176025,0.030858195619657636,0.3853650614619255
1,-1,0.5741815119981766,0.032703494653105736,0.39311500638723373
1,-1,0.580155111849308,0.03449941333383322,0.3853454366326332
-1,-1,0.5817014873027802,0.0305325360968709,0.38776592910289764
-1,-1,0.5747315287590027,0.0335206501185894,0.3917478322982788
-1,-1,0.5544909611344337,0.04077953682281077,0.4047294929623604
-1,-1,0.5565218180418015,0.046130817383527756,0.3973473459482193
-1,-1,0.5437142923474312,0.051058479701168835,0.40522725135087967
-1,-1,0.5456477180123329,0.04675076121930033,0.4076014757156372
1,-1,0.5505479350686073,0.04124831815715879,0.40820374339818954
-1,-1,0.5579160749912262,0.03826951002702117,0.4038144275546074
-1,-1,0.5605988800525665,0.03900532121770084,0.40039578825235367
-1,-1,0.5720311030745506,0.03559905802831054,0.3923698365688324
-1,-1,0.5714917108416557,0.032693363493308425,0.3958149403333664
-1,-1,0.5654614791274071,0.030600723810493946,0.4039377495646477
-1,-1,0.567161463201046,0.03051015897653997,0.40232831984758377
-1,-1,0.5683511272072792,0.03129386156797409,0.4003549963235855
1,-1,0.5708596110343933,0.03152953227981925,0.3976108208298683
1,-1,0.5691951140761375,0.03130984213203192,0.3994950130581856
-1,-1,0.561154268682003,0.0315644983202219,0.40728119760751724
-1,-1,0.5632928013801575,0.027765130158513784,0.4089420735836029
-1,-1,0.5326322764158249,0.027090427465736866,0.44027727097272873
1,-1,0.5371198058128357,0.027241675416007638,0.43563854694366455
-1,-1,0.5263627618551254,0.026964802527800202,0.4466724395751953
-1,-1,0.5358139425516129,0.025924635818228126,0.43826140463352203
1,-1,0.5244144350290298,0.025690747774206102,0.44989485293626785
1,-1,0.5331451669335365,0.02625802531838417,0.4405968114733696
-1,-1,0.5465411096811295,0.026383075630292296,0.4270758330821991
1,-1,0.5377249717712402,0.025217624963261187,0.43705739825963974
-1,-1,0.5236372128129005,0.025644433102570474,0.45071829855442047
1,-1,0.5329659432172775,0.023593923076987267,0.44344018399715424
-1,-1,0.5340425968170166,0.02321515406947583,0.4427422806620598
1,-1,0.5303260684013367,0.023391272115986794,0.44628264755010605
-1,-1,0.5236387699842453,0.02317046228563413,0.45319072157144547
1,-1,0.5164216831326485,0.022541266691405326,0.4610370546579361
1,1,0.4881510064005852,0.022082672105170786,0.48976632952690125
-1,1,0.4657243564724922,0.022664790390990674,0.5116108283400536
-1,1,0.4547843039035797,0.020654969150200486,0.524560734629631
1,1,0.4448219835758209,0.0212574353790842,0.5339205488562584
1,1,0.43683572113513947,0.02352981606964022,0.5396344438195229
-1,1,0.4330856204032898,0.022807450382970273,0.5441069081425667
-1,1,0.42379412800073624,0.019361931044841185,0.5568439364433289
-1,1,0.4083666689693928,0.018485131120542064,0.5731482058763504
-1,1,0.38552088290452957,0.019293900040793233,0.595185250043869
-1,1,0.37660374119877815,0.018334484193474054,0.6050617545843124
1,1,0.37854745239019394,0.024291737412568182,0.5971607938408852
1,1,0.37099239975214005,0.024480216176016256,0.6045273914933205
1,1,0.3646511137485504,0.023320785694522783,0.6120280846953392
1,1,0.355164609849453,0.02004695072537288,0.6247884780168533
1,1,0.35366055369377136,0.023371112110908143,0.6229683458805084
1,1,0.37002771347761154,0.01967373027582653,0.6102985292673111
-1,1,0.4156755581498146,0.015584798966301605,0.5687396377325058
-1,1,0.44109078496694565,0.012514199421275407,0.5463950410485268
1,1,0.44614794105291367,0.011237768572755158,0.5426143109798431
1,1,0.4396578222513199,0.011924508784431964,0.5484176278114319
-1,1,0.46326396614313126,0.01030170067679137,0.5264343246817589
1,1,0.47660916298627853,0.009405624878127128,0.5139851868152618
-1,-1,0.4971621483564377,0.008829194557620212,0.4940086454153061
1,1,0.4818764850497246,0.007581725891213864,0.5105417817831039
-1,1,0.4824603497982025,0.007849343674024567,0.5096902698278427
-1,1,0.46968065947294235,0.00798156508244574,0.5223377794027328
-1,1,0.448610357940197,0.0078428786364384,0.5435467585921288
-1,1,0.45200812071561813,0.007476109458366409,0.5405157431960106
-1,1,0.45555882900953293,0.007653901586309075,0.5367872640490532
1,1,0.46883393824100494,0.007818522426532581,0.5233475491404533
1,1,0.45996423810720444,0.008156410185620189,0.5318793579936028
-1,1,0.45132574439048767,0.008429748326307163,0.5402445122599602
1,1,0.43526048958301544,0.009152919170446694,0.555586613714695
-1,1,0.4127855934202671,0.009431928949197754,0.5777824148535728
-1,1,0.4175628609955311,0.007989526842720807,0.5744476094841957
-1,1,0.4272530600428581,0.008191840868676081,0.5645550712943077
1,1,0.4338860735297203,0.009806374611798674,0.5563075393438339
1,1,0.44165078178048134,0.00960137028596364,0.5487478226423264
-1,1,0.44019940122962,0.009750137862283736,0.5500504672527313
1,1,0.4425278827548027,0.009007730521261692,0.548464372754097
1,1,0.4511295482516289,0.01009349783998914,0.5387769639492035
-1,1,0.4670937582850456,0.008859931433107704,0.5240463092923164
-1,1,0.4820563346147537,0.007805071247275919,0.5101385861635208
-1,1,0.4927236959338188,0.006616959610255435,0.5006593391299248
1,-1,0.5020172297954559,0.006346996029606089,0.4916357323527336
1,-1,0.5245375484228134,0.005941182054812089,0.46952125430107117
-1,-1,0.5285032838582993,0.006703391001792625,0.4647933095693588
-1,-1,0.5337680652737617,0.007734003622317687,0.45849795639514923
-1,-1,0.5340190231800079,0.007286658743396401,0.45869429409503937
1,-1,0.536848172545433,0.006883537658723071,0.4562682583928108
1,-1,0.5359121710062027,0.006642791733611375,0.45744503289461136
1,-1,0.5392878577113152,0.006146997475298122,0.45456513017416
1,-1,0.5266456604003906,0.005510053102625534,0.46784427762031555
1,-1,0.5186485573649406,0.005940294387983158,0.47541118413209915
1,-1,0.5111013203859329,0.0062952083826530725,0.48260343819856644
1,1,0.4690677300095558,0.008805995021248236,0.5221262648701668
1,1,0.4711654931306839,0.00822118268115446,0.5206133127212524
1,1,0.47606275975704193,0.009534011856885627,0.5144032388925552
-1,1,0.47263484448194504,0.009242694795830175,0.5181224271655083
-1,1,0.4592347666621208,0.009869238274404779,0.5308959782123566
-1,1,0.4589853808283806,0.007834267657017335,0.533180333673954
-1,1,0.4791109412908554,0.009000145772006363,0.5118889287114143
-1,1,0.47146401554346085,0.009863562881946564,0.518672376871109
-1,1,0.465100921690464,0.009120639879256487,0.5257784202694893
-1,1,0.4891180098056793,0.00722412220784463,0.5036578625440598
1,-1,0.5145606026053429,0.0071899862377904356,0.4782494008541107
1,-1,0.5123779997229576,0.007814896569470875,0.47980712354183197
-1,-1,0.5106510519981384,0.008461175617412664,0.480887770652771
-1,-1,0.5177628323435783,0.008049787807976827,0.47418735921382904
1,-1,0.5079165250062943,0.007787869777530432,0.48429562896490097
-1,-1,0.5049725621938705,0.007123877119738609,0.48790353536605835
1,-1,0.5255614221096039,0.006600645778235048,0.4678378850221634
1,-1,0.530496284365654,0.007067426544381306,0.462436243891716
1,-1,0.5127669796347618,0.006941412255400792,0.48029158264398575
-1,-1,0.5078286901116371,0.006880612228997052,0.48529064655303955
-1,-1,0.5118328556418419,0.006825460470281541,0.48134173452854156
-1,-1,0.5049105510115623,0.007348068174906075,0.4877413660287857
0,-1,0.5061180740594864,0.008672540832776576,0.4852094203233719
0,-1,0.5094927400350571,0.010093266610056162,0.4804139658808708
0,-1,0.5034920200705528,0.008436976582743227,0.4880709797143936
0,-1,0.519952617585659,0.008363379805814475,0.471683993935585
0,-1,0.5234488695859909,0.008374820987228304,0.4681762754917145
0,-1,0.5444360077381134,0.008246176759712398,0.4473177492618561
0,-1,0.5508715510368347,0.008238109934609383,0.440890334546566
0,-1,0.554326206445694,0.008514807501342148,0.43715900182724
0,-1,0.5589254945516586,0.008258068468421698,0.43281635642051697
0,-1,0.5786971151828766,0.008305680588819087,0.41299718618392944
0,-1,0.5782193243503571,0.00901056663133204,0.4127701669931412
0,-1,0.5724522322416306,0.00889837380964309,0.418649397790432
0,-1,0.5742698311805725,0.00881261145696044,0.4169175922870636
0,-1,0.5594102591276169,0.009264138556318358,0.4313255846500397
0,-1,0.5367255061864853,0.00961627674405463,0.45365817099809647
0,-1,0.5179951265454292,0.010863988572964445,0.47114088386297226
0,-1,0.5217045843601227,0.010894837119849399,0.46740059554576874
0,-1,0.5170611515641212,0.01094935777655337,0.4719894900918007
0,-1,0.5022443160414696,0.01156519704090897,0.48619046062231064
0,-1,0.5118929520249367,0.012007097277091816,0.4760999381542206
-1,0,0.2958479970693588,0.3703465647995472,0.3338054418563843
-1,0,0.28977423906326294,0.39006972312927246,0.3201560340821743
-1,0,0.2989998906850815,0.3845428302884102,0.31645725667476654
-1,0,0.31266485527157784,0.3624298609793186,0.32490531355142593
-1,0,0.3279137797653675,0.33805274963378906,0.3340334966778755
-1,1,0.3189714513719082,0.33564604073762894,0.34538254141807556
-1,1,0.3224884644150734,0.31160612031817436,0.36590539664030075
-1,1,0.3242485523223877,0.3206266574561596,0.355124793946743
-1,1,0.3270370028913021,0.33399368450045586,0.33896932005882263
-1,0,0.3307941257953644,0.3365711681544781,0.33263467997312546
-1,0,0.333018958568573,0.3403976038098335,0.3265833705663681
-1,0,0.3357579708099365,0.3559797517955303,0.30826227366924286
-1,-1,0.35146602243185043,0.3291180916130543,0.3194158300757408
-1,-1,0.3512446954846382,0.32065561786293983,0.32809966802597046
-1,-1,0.37190302461385727,0.2979874610900879,0.33010952174663544
-1,-1,0.37343186140060425,0.3023333251476288,0.32423480600118637
-1,-1,0.3790329545736313,0.29889457672834396,0.322072546929121
1,-1,0.3894447907805443,0.28214799240231514,0.3284072168171406
1,-1,0.4008057937026024,0.25989820063114166,0.33929597586393356
1,-1,0.41002675145864487,0.2541797272861004,0.33579353243112564
1,-1,0.4083484783768654,0.2606816366314888,0.3309698849916458
1,-1,0.42047540098428726,0.24865380115807056,0.3308708146214485
1,-1,0.39845261722803116,0.2362703364342451,0.36527707427740097
-1,-1,0.38540294021368027,0.2348463349044323,0.3797507807612419
-1,1,0.3775523379445076,0.2373405657708645,0.3851071074604988
-1,-1,0.364264115691185,0.28744133189320564,0.34829457104206085
-1,0,0.3355764225125313,0.33721012622117996,0.32721347734332085
-1,0,0.31628715991973877,0.3684127852320671,0.3153000846505165
-1,0,0.322174821048975,0.36866144090890884,0.30916375666856766
1,0,0.3199594132602215,0.38758670538663864,0.2924538813531399
1,0,0.3210133984684944,0.38634946197271347,0.292637150734663
1,0,0.33095942437648773,0.3771430216729641,0.29189758002758026
1,-1,0.347585491836071,0.34686369076371193,0.30555081367492676
1,-1,0.35904519259929657,0.3350208252668381,0.30593400821089745
0,-1,0.3764384239912033,0.3127228133380413,0.3108387365937233
0,-1,0.38638656586408615,0.29465216770768166,0.3189612776041031
0,-1,0.3683386966586113,0.3270687982439995,0.3045925125479698
0,0,0.33427688106894493,0.350845780223608,0.31487733870744705
0,0,0.30577972903847694,0.39671457186341286,0.2975057326257229
0,0,0.30417434126138687,0.3869648799300194,0.30886077880859375
0,0,0.3044082671403885,0.388382401317358,0.3072093240916729
0,0,0.29591255635023117,0.40531959384679794,0.2987678647041321
0,0,0.2863990515470505,0.41745293885469437,0.29614801704883575
0,0,0.28158246353268623,0.42924054339528084,0.28917698562145233
0,0,0.2872789166867733,0.4212316982448101,0.291489340364933
0,0,0.3011743389070034,0.39713429659605026,0.30169133841991425
0,0,0.3262328580021858,0.3711032494902611,0.3026639446616173
0,0,0.34373966977000237,0.34710585325956345,0.3091544583439827
0,0,0.3411065936088562,0.35058554634451866,0.30830785632133484
0,-1,0.34961357340216637,0.3362762853503227,0.3141101524233818
0,-1,0.348027054220438,0.3268882855772972,0.3250846564769745
0,-1,0.34802841022610664,0.32430364191532135,0.3276679515838623
0,-1,0.33825816959142685,0.3278473690152168,0.3338944613933563
0,0,0.3292308375239372,0.3470676727592945,0.32370149344205856
1,0,0.22704574093222618,0.5639076232910156,0.2090466246008873
1,0,0.21838552504777908,0.569702185690403,0.21191227808594704
0,0,0.20435935631394386,0.5977541133761406,0.19788655638694763
0,0,0.18779773637652397,0.6207087710499763,0.19149350002408028
0,0,0.19145024567842484,0.6203610822558403,0.18818868696689606
0,0,0.20367398858070374,0.5965832471847534,0.19974273070693016
0,0,0.2081148885190487,0.5982619002461433,0.19362318143248558
0,0,0.2096967026591301,0.6006445214152336,0.18965879082679749
0,0,0.22189222648739815,0.5839009508490562,0.19420680962502956
-1,0,0.21978608518838882,0.5945010557770729,0.18571288138628006
-1,0,0.23064982518553734,0.5846999138593674,0.1846502460539341
-1,0,0.2357192263007164,0.5785181224346161,0.1857626996934414
-1,0,0.24109981954097748,0.5782063826918602,0.18069381453096867
-1,0,0.24369928240776062,0.5750636905431747,0.18123700097203255
-1,0,0.2514561600983143,0.5613799467682838,0.18716384284198284
-1,0,0.25713079795241356,0.5533220693469048,0.189547099173069
-1,0,0.25003767386078835,0.5673047378659248,0.18265756405889988
-1,0,0.24524469301104546,0.5727876648306847,0.18196765892207623
-1,0,0.2428794838488102,0.574442557990551,0.18267794512212276
-1,0,0.23531449399888515,0.5832524597644806,0.1814330443739891
-1,0,0.2454112246632576,0.5685129314661026,0.18607588671147823
-1,0,0.24275109730660915,0.5817845612764359,0.1754643302410841
-1,0,0.23407039418816566,0.6010520756244659,0.1648775190114975
0,0,0.22579042054712772,0.6127692833542824,0.16144035197794437
0,0,0.23924323543906212,0.5816447362303734,0.1791120357811451
0,0,0.27681001648306847,0.5296085625886917,0.19358142092823982
0,0,0.27686646208167076,0.5254355520009995,0.19769800081849098
-1,0,0.27614056691527367,0.5229353830218315,0.20092405006289482
1,0,0.2780613712966442,0.5144076719880104,0.20753097906708717
1,0,0.28953712433576584,0.4924444854259491,0.21801837533712387
1,0,0.2815086208283901,0.4935021921992302,0.22498920932412148
1,0,0.2647337354719639,0.5116711407899857,0.22359510511159897
1,0,0.23428432270884514,0.5485775992274284,0.21713810414075851
1,0,0.232126846909523,0.533575639128685,0.2342974878847599
1,0,0.22491337358951569,0.541234664618969,0.23385198414325714
1,0,0.21621809527277946,0.5518871694803238,0.23189472407102585
1,0,0.20615951716899872,0.558419905602932,0.2354205809533596
1,0,0.19319453090429306,0.5773346126079559,0.2294708527624607
0,0,0.18455797620117664,0.5856278762221336,0.22981414757668972
1,0,0.18246227130293846,0.5880739539861679,0.22946378961205482
1,0,0.18035250902175903,0.6025057956576347,0.21714169811457396
1,0,0.18430083338171244,0.592096284031868,0.22360283322632313
1,0,0.18824751488864422,0.5892475843429565,0.2225048802793026
1,0,0.19020322989672422,0.5845982655882835,0.22519854363054037
1,0,0.19627406354993582,0.5761860013008118,0.22754000313580036
1,0,0.2036334816366434,0.5756003931164742,0.220766119658947
1,0,0.21189841721206903,0.5689478814601898,0.21915368735790253
1,0,0.22432006523013115,0.5422429442405701,0.23343699425458908
1,0,0.23167524114251137,0.5258125588297844,0.24251221120357513
1,0,0.24393302761018276,0.5074913576245308,0.24857564643025398
1,0,0.2538170274347067,0.4881797730922699,0.25800318643450737
1,0,0.2739534843713045,0.44364751875400543,0.282399021089077
1,0,0.2590999864041805,0.4633672684431076,0.27753275632858276
1,0,0.2613968774676323,0.46783287823200226,0.27077027782797813
1,0,0.2693939879536629,0.4743422642350197,0.25626378133893013
1,0,0.2768045738339424,0.4650581553578377,0.2581372708082199
1,0,0.2867424674332142,0.46879154443740845,0.24446596205234528
1,0,0.2791628949344158,0.47849254310131073,0.24234458059072495
1,0,0.27346557192504406,0.49635234475135803,0.23018212988972664
1,0,0.2539765927940607,0.5303289219737053,0.21569452434778214
0,0,0.2499607540667057,0.5315538048744202,0.21848541498184204
0,0,0.25606219470500946,0.5206578224897385,0.22328000888228416
0,0,0.2623272202908993,0.5168077275156975,0.22086507454514503
0,0,0.27703916653990746,0.49279019236564636,0.2301706299185753
0,0,0.268607035279274,0.5051991268992424,0.2261938378214836
0,0,0.2611489072442055,0.5175165235996246,0.22133461385965347
0,0,0.25927137210965157,0.5229042619466782,0.21782435104250908
0,0,0.2536350265145302,0.5374390855431557,0.20892586559057236
0,0,0.25783316045999527,0.5268591046333313,0.21530772931873798
0,0,0.2560576554387808,0.5302553623914719,0.21368698589503765
0,0,0.25295390002429485,0.5358612537384033,0.21118487790226936
0,0,0.2536748554557562,0.534202091395855,0.21212303824722767
0,0,0.26894200034439564,0.5114877671003342,0.21957022324204445
0,0,0.2826448008418083,0.4864639341831207,0.2308912817388773
0,0,0.2951477840542793,0.46712660044431686,0.2377256415784359
0,0,0.3049875646829605,0.4411711245775223,0.25384129025042057
0,0,0.310854222625494,0.43252023309469223,0.2566255293786526
0,0,0.316978357732296,0.4251624196767807,0.2578592486679554
0,0,0.330778993666172,0.4046636335551739,0.2645573578774929
1,0,0.3420632965862751,0.3913492262363434,0.2665875107049942
1,0,0.3513379655778408,0.3847682476043701,0.2638937905430794
1,0,0.34069910645484924,0.3971274569630623,0.26217351853847504
1,0,0.3398115187883377,0.4033769443631172,0.25681154429912567
1,0,0.32978636398911476,0.4208097830414772,0.24940383806824684
1,0,0.3385556749999523,0.4170336648821831,0.2444107085466385
1,0,0.3217190317809582,0.4407980404794216,0.2374829351902008
1,0,0.3176622614264488,0.45468371361494064,0.22765404358506203
1,0,0.3105863891541958,0.4732687994837761,0.21614481881260872
1,0,0.291830699890852,0.500153973698616,0.20801536738872528
1,0,0.2918606363236904,0.5015946589410305,0.2065446935594082
1,0,0.2925248444080353,0.5025775209069252,0.20489762350916862
1,0,0.29956911504268646,0.4858904331922531,0.2145405001938343
1,0,0.2909470684826374,0.4963887482881546,0.2126641608774662
1,0,0.2794351428747177,0.5040925219655037,0.2164722941815853
1,0,0.25989751145243645,0.5238478854298592,0.2162545695900917
1,0,0.2592041939496994,0.5095611289143562,0.23123468086123466
1,0,0.24810827150940895,0.528693400323391,0.2231983318924904
1,0,0.25149521604180336,0.5410958901047707,0.2074088752269745
1,0,0.27109895646572113,0.5254132449626923,0.2034877948462963
1,0,0.27408258244395256,0.52335624396801,0.2025611773133278
1,0,0.2779642790555954,0.5222827643156052,0.19975295290350914
0,0,0.2768756374716759,0.5205580219626427,0.20256635919213295
0,0,0.2712673582136631,0.5284953191876411,0.20023732632398605
0,0,0.26725026220083237,0.5299002379179001,0.20284952968358994
0,0,0.27172398194670677,0.5139496102929115,0.2143264077603817
0,0,0.2736014500260353,0.5127584934234619,0.21364010125398636
0,0,0.2724219039082527,0.5078055933117867,0.21977254003286362
0,0,0.28002284094691277,0.4902392849326134,0.22973790019750595
0,0,0.2978559732437134,0.46609850972890854,0.23604553937911987
0,0,0.31185755878686905,0.4463556036353111,0.24178683012723923
0,0,0.30256325751543045,0.45565056800842285,0.241786178201437
0,0,0.31914162263274193,0.43586795032024384,0.24499046057462692
0,0,0.3292003981769085,0.42125070840120316,0.24954891577363014
0,0,0.330536175519228,0.42683320492506027,0.24263063818216324
0,0,0.3229529559612274,0.44028325378894806,0.23676378652453423
0,0,0.3273758068680763,0.41618620604276657,0.2564379647374153
0,0,0.3208168037235737,0.4129148907959461,0.2662682458758354
0,0,0.32940154522657394,0.39657779783010483,0.27402065321803093
0,0,0.336377277970314,0.382827240973711,0.28079546242952347
0,0,0.34444479644298553,0.36814768612384796,0.2874075695872307
0,0,0.33798040077090263,0.37687380984425545,0.28514575958251953
0,0,0.3305511735379696,0.38560961931943893,0.2838391847908497
0,0,0.2510656900703907,0.4092578962445259,0.3396764248609543
0,0,0.2416208516806364,0.41770897060632706,0.3406701907515526
0,0,0.2219797633588314,0.4416955038905144,0.3363247439265251
0,0,0.2079458124935627,0.4463287442922592,0.3457254618406296
0,0,0.21196675673127174,0.4510151073336601,0.33701813966035843
1,0,0.19673475064337254,0.4769868403673172,0.3262783959507942
1,0,0.18478047847747803,0.4951365664601326,0.32008302211761475
1,0,0.19262726046144962,0.4865276366472244,0.3208450675010681
-1,0,0.20136460103094578,0.48195427656173706,0.3166811242699623
-1,0,0.20109368115663528,0.4999896138906479,0.29891667515039444
1,0,0.21258885972201824,0.5034496635198593,0.2839614152908325
-1,0,0.2103317715227604,0.5167155489325523,0.2729526646435261
-1,0,0.20519795641303062,0.5328739732503891,0.2619280479848385
1,0,0.17752725817263126,0.5783480256795883,0.24412469193339348
-1,0,0.16157290432602167,0.59359210729599,0.24483497068285942
-1,0,0.15061191841959953,0.6221713572740555,0.22721675038337708
-1,0,0.1472192034125328,0.6280927360057831,0.2246880680322647
-1,0,0.13809739239513874,0.6476862877607346,0.21421630680561066
-1,0,0.1304837567731738,0.663978710770607,0.20553751289844513
-1,0,0.13289131503552198,0.6655804514884949,0.20152821764349937
0,0,0.12715246807783842,0.6830224841833115,0.18982506543397903
0,0,0.12155227735638618,0.6925704330205917,0.18587730079889297
0,0,0.12338639050722122,0.6888206601142883,0.18779295682907104
0,0,0.12194955721497536,0.6958126574754715,0.18223781138658524
0,0,0.12067652679979801,0.6920253187417984,0.18729816377162933
0,0,0.12695706356316805,0.6739236414432526,0.19911932572722435
0,0,0.1299775680527091,0.6701327115297318,0.19988970085978508
0,0,0.1430855942890048,0.6356948763132095,0.22121954336762428
0,0,0.1462648194283247,0.6311475932598114,0.22258760780096054
0,0,0.14460918866097927,0.6562334448099136,0.19915735721588135
0,0,0.152853824198246,0.6205125749111176,0.22663360834121704
0,0,0.15769243240356445,0.6114863455295563,0.23082123324275017
0,0,0.15846840478479862,0.6086455434560776,0.23288597911596298
0,0,0.1694106161594391,0.6064800173044205,0.22410935163497925
0,0,0.17224174179136753,0.6021668910980225,0.22559136152267456
0,0,0.19033372402191162,0.5654528439044952,0.24421344324946404
0,0,0.19934923015534878,0.5472170114517212,0.2534337602555752
0,0,0.21283694356679916,0.5128337666392326,0.2743292488157749
0,0,0.22556095570325851,0.4727451279759407,0.3016939088702202
0,0,0.23517465963959694,0.43057961016893387,0.3342457562685013
